#
# There is insufficient memory for the Java Runtime Environment to continue.
# Native memory allocation (malloc) failed to allocate 1946904 bytes. Error detail: Chunk::new
# Possible reasons:
#   The system is out of physical RAM or swap space
#   This process is running with CompressedOops enabled, and the Java Heap may be blocking the growth of the native heap
# Possible solutions:
#   Reduce memory load on the system
#   Increase physical memory or swap space
#   Check if swap backing store is full
#   Decrease Java heap size (-Xmx/-Xms)
#   Decrease number of Java threads
#   Decrease Java thread stack sizes (-Xss)
#   Set larger code cache with -XX:ReservedCodeCacheSize=
#   JVM is running with Unscaled Compressed Oops mode in which the Java heap is
#     placed in the first 4GB address space. The Java Heap base address is the
#     maximum limit for the native heap growth. Please use -XX:HeapBaseMinAddress
#     to set the Java Heap base and to place the Java Heap above 4GB virtual address.
# This output file may be truncated or incomplete.
#
#  Out of Memory Error (arena.cpp:186), pid=12488, tid=34912
#
# JRE version: OpenJDK Runtime Environment Temurin-25.0.3+9 (25.0.3+9) (build 25.0.3+9-LTS)
# Java VM: OpenJDK 64-Bit Server VM Temurin-25.0.3+9 (25.0.3+9-LTS, mixed mode, sharing, tiered, compressed oops, compressed class ptrs, g1 gc, windows-amd64)
# No core dump will be written. Minidumps are not enabled by default on client versions of Windows
#

---------------  S U M M A R Y ------------

Command Line: --add-opens=java.base/java.lang=ALL-UNNAMED --add-opens=java.base/java.lang.invoke=ALL-UNNAMED --add-opens=java.base/java.util=ALL-UNNAMED --add-opens=java.prefs/java.util.prefs=ALL-UNNAMED --add-exports=jdk.compiler/com.sun.tools.javac.api=ALL-UNNAMED --add-exports=jdk.compiler/com.sun.tools.javac.util=ALL-UNNAMED --add-opens=java.base/java.util=ALL-UNNAMED --add-opens=java.prefs/java.util.prefs=ALL-UNNAMED --add-opens=java.base/java.nio.charset=ALL-UNNAMED --add-opens=java.base/java.net=ALL-UNNAMED --add-opens=java.base/java.util.concurrent=ALL-UNNAMED --add-opens=java.base/java.util.concurrent.atomic=ALL-UNNAMED --add-opens=java.xml/javax.xml.namespace=ALL-UNNAMED --add-opens=java.base/java.time=ALL-UNNAMED --enable-native-access=ALL-UNNAMED -XX:MaxMetaspaceSize=384m -XX:+HeapDumpOnOutOfMemoryError -Xms256m -Xmx512m -Dfile.encoding=UTF-8 -Duser.country=KR -Duser.language=ko -Duser.variant -javaagent:C:\Users\kdcho\.gradle\wrapper\dists\gradle-9.1.0-bin\9agqghryom9wkf8r80qlhnts3\gradle-9.1.0\lib\agents\gradle-instrumentation-agent-9.1.0.jar org.gradle.launcher.daemon.bootstrap.GradleDaemon 9.1.0

Host: AMD Ryzen 7 250 w/ Radeon 780M Graphics        , 16 cores, 15G,  Windows 11 , 64 bit Build 26100 (10.0.26100.8521)
Time: Wed Jul 15 12:37:18 2026 elapsed time: 21.818611 seconds (0d 0h 0m 21s)

---------------  T H R E A D  ---------------

Current thread (0x000001450b361580):  JavaThread "C2 CompilerThread2" daemon [_thread_in_native, id=34912, stack(0x000000455ff00000,0x0000004560000000) (1024K)]


Current CompileTask:
C2:21818 8972       4       java.util.jar.JarFile::getVersionedEntry (114 bytes)

Stack: [0x000000455ff00000,0x0000004560000000]
Native frames: (J=compiled Java code, j=interpreted, Vv=VM code, C=native code)
V  [jvm.dll+0x7aa709]  (no source info available)
V  [jvm.dll+0x7749ed]  (no source info available)
V  [jvm.dll+0x9f7433]  (no source info available)
V  [jvm.dll+0x9f9a21]  (no source info available)
V  [jvm.dll+0x9fa133]  (no source info available)
V  [jvm.dll+0x2fd266]  (no source info available)
V  [jvm.dll+0x1113c6]  (no source info available)
V  [jvm.dll+0x1116ee]  (no source info available)
V  [jvm.dll+0x1a0342]  (no source info available)
V  [jvm.dll+0x3b67e2]  (no source info available)
V  [jvm.dll+0x7b007c]  (no source info available)
V  [jvm.dll+0x2c0847]  (no source info available)
V  [jvm.dll+0x2bf80f]  (no source info available)
V  [jvm.dll+0x2374a0]  (no source info available)
V  [jvm.dll+0x2cf906]  (no source info available)
V  [jvm.dll+0x2cdb8a]  (no source info available)
V  [jvm.dll+0x49070e]  (no source info available)
V  [jvm.dll+0x99894d]  (no source info available)
V  [jvm.dll+0x7a8ce5]  (no source info available)
C  [ucrtbase.dll+0x2cd30]  (no source info available)
C  [KERNEL32.DLL+0x2e957]  (no source info available)
C  [ntdll.dll+0x87c1c]  (no source info available)

Lock stack of current Java thread (top to bottom):


---------------  P R O C E S S  ---------------

Threads class SMR info:
_java_thread_list=0x000001456267eba0, length=37, elements={
0x0000014560309260, 0x000001457e3cbc70, 0x000001457e3cc580, 0x000001457e3cf3d0,
0x000001457e3d0fa0, 0x000001457e3d2300, 0x000001457e3d3790, 0x000001457e3f5530,
0x000001457e3f4510, 0x000001457e661150, 0x000001457e6d2490, 0x0000014505145ec0,
0x0000014505382b40, 0x0000014505383300, 0x00000145052b4950, 0x0000014504578930,
0x000001450457a870, 0x000001450457b810, 0x000001457e4c6e60, 0x0000014505056260,
0x0000014505056a30, 0x000001450505b850, 0x000001450505c020, 0x000001457e4c56f0,
0x0000014504561480, 0x0000014504560cb0, 0x000001450455e5a0, 0x00000145045633c0,
0x0000014507ef13b0, 0x0000014507ef0be0, 0x0000014507eeeca0, 0x0000014507ef1b80,
0x000001450458c400, 0x000001450458ec50, 0x000001457e3f7d80, 0x000001450b3645e0,
0x000001450b361580
}

Java Threads: ( => current thread )
  0x0000014560309260 JavaThread "main"                              [_thread_blocked, id=5508, stack(0x000000455e700000,0x000000455e800000) (1024K)]
  0x000001457e3cbc70 JavaThread "Reference Handler"          daemon [_thread_blocked, id=16504, stack(0x000000455ef00000,0x000000455f000000) (1024K)]
  0x000001457e3cc580 JavaThread "Finalizer"                  daemon [_thread_blocked, id=23252, stack(0x000000455f000000,0x000000455f100000) (1024K)]
  0x000001457e3cf3d0 JavaThread "Signal Dispatcher"          daemon [_thread_blocked, id=38944, stack(0x000000455f100000,0x000000455f200000) (1024K)]
  0x000001457e3d0fa0 JavaThread "Attach Listener"            daemon [_thread_blocked, id=34104, stack(0x000000455f200000,0x000000455f300000) (1024K)]
  0x000001457e3d2300 JavaThread "Service Thread"             daemon [_thread_blocked, id=34604, stack(0x000000455f300000,0x000000455f400000) (1024K)]
  0x000001457e3d3790 JavaThread "Monitor Deflation Thread"   daemon [_thread_blocked, id=5300, stack(0x000000455f400000,0x000000455f500000) (1024K)]
  0x000001457e3f5530 JavaThread "C2 CompilerThread0"         daemon [_thread_blocked, id=34216, stack(0x000000455f500000,0x000000455f600000) (1024K)]
  0x000001457e3f4510 JavaThread "C1 CompilerThread0"         daemon [_thread_blocked, id=37972, stack(0x000000455f600000,0x000000455f700000) (1024K)]
  0x000001457e661150 JavaThread "Common-Cleaner"             daemon [_thread_blocked, id=29536, stack(0x000000455f900000,0x000000455fa00000) (1024K)]
  0x000001457e6d2490 JavaThread "Notification Thread"        daemon [_thread_blocked, id=25052, stack(0x000000455fa00000,0x000000455fb00000) (1024K)]
  0x0000014505145ec0 JavaThread "Daemon health stats"               [_thread_blocked, id=34228, stack(0x000000455fb00000,0x000000455fc00000) (1024K)]
  0x0000014505382b40 JavaThread "Incoming local TCP Connector on port 55829"        [_thread_in_native, id=13628, stack(0x000000455fc00000,0x000000455fd00000) (1024K)]
  0x0000014505383300 JavaThread "Daemon periodic checks"            [_thread_blocked, id=10280, stack(0x000000455fd00000,0x000000455fe00000) (1024K)]
  0x00000145052b4950 JavaThread "Daemon"                            [_thread_blocked, id=24236, stack(0x0000004560500000,0x0000004560600000) (1024K)]
  0x0000014504578930 JavaThread "Handler for socket connection from /127.0.0.1:55829 to /127.0.0.1:55830"        [_thread_in_native, id=37100, stack(0x0000004560600000,0x0000004560700000) (1024K)]
  0x000001450457a870 JavaThread "Cancel handler"                    [_thread_blocked, id=39684, stack(0x0000004560700000,0x0000004560800000) (1024K)]
  0x000001450457b810 JavaThread "Daemon worker"                     [_thread_in_vm, id=10176, stack(0x0000004560800000,0x0000004560900000) (1024K)]
  0x000001457e4c6e60 JavaThread "Asynchronous log dispatcher for DefaultDaemonConnection: socket connection from /127.0.0.1:55829 to /127.0.0.1:55830"        [_thread_blocked, id=14828, stack(0x0000004560900000,0x0000004560a00000) (1024K)]
  0x0000014505056260 JavaThread "Stdin handler"                     [_thread_blocked, id=35100, stack(0x0000004560a00000,0x0000004560b00000) (1024K)]
  0x0000014505056a30 JavaThread "Daemon client event forwarder"        [_thread_blocked, id=21292, stack(0x0000004560b00000,0x0000004560c00000) (1024K)]
  0x000001450505b850 JavaThread "Cache worker for journal cache (C:\Users\kdcho\.gradle\caches\journal-1)"        [_thread_blocked, id=38368, stack(0x0000004561300000,0x0000004561400000) (1024K)]
  0x000001450505c020 JavaThread "File lock request listener"        [_thread_in_native, id=38212, stack(0x0000004561400000,0x0000004561500000) (1024K)]
  0x000001457e4c56f0 JavaThread "Cache worker for file hash cache (C:\Users\kdcho\.gradle\caches\9.1.0\fileHashes)"        [_thread_blocked, id=34684, stack(0x000000455f800000,0x000000455f900000) (1024K)]
  0x0000014504561480 JavaThread "Cache worker for file hash cache (C:\Users\kdcho\Desktop\TDD\.gradle\9.1.0\fileHashes)"        [_thread_blocked, id=38800, stack(0x0000004561a00000,0x0000004561b00000) (1024K)]
  0x0000014504560cb0 JavaThread "Cache worker for Build Output Cleanup Cache (C:\Users\kdcho\Desktop\TDD\.gradle\buildOutputCleanup)"        [_thread_blocked, id=23968, stack(0x0000004561b00000,0x0000004561c00000) (1024K)]
  0x000001450455e5a0 JavaThread "File watcher server"        daemon [_thread_in_native, id=18216, stack(0x0000004561700000,0x0000004561800000) (1024K)]
  0x00000145045633c0 JavaThread "File watcher consumer"      daemon [_thread_blocked, id=36276, stack(0x0000004561c00000,0x0000004561d00000) (1024K)]
  0x0000014507ef13b0 JavaThread "Cache worker for checksums cache (C:\Users\kdcho\Desktop\TDD\.gradle\9.1.0\checksums)"        [_thread_blocked, id=38608, stack(0x0000004561d00000,0x0000004561e00000) (1024K)]
  0x0000014507ef0be0 JavaThread "Cache worker for file content cache (C:\Users\kdcho\.gradle\caches\9.1.0\fileContent)"        [_thread_blocked, id=37764, stack(0x0000004561e00000,0x0000004561f00000) (1024K)]
  0x0000014507eeeca0 JavaThread "Cache worker for cache directory md-supplier (C:\Users\kdcho\.gradle\caches\9.1.0\md-supplier)"        [_thread_blocked, id=23412, stack(0x0000004561f00000,0x0000004562000000) (1024K)]
  0x0000014507ef1b80 JavaThread "Cache worker for cache directory md-rule (C:\Users\kdcho\.gradle\caches\9.1.0\md-rule)"        [_thread_blocked, id=39724, stack(0x0000004562000000,0x0000004562100000) (1024K)]
  0x000001450458c400 JavaThread "C1 CompilerThread1"         daemon [_thread_blocked, id=39212, stack(0x0000004561500000,0x0000004561600000) (1024K)]
  0x000001450458ec50 JavaThread "C1 CompilerThread2"         daemon [_thread_blocked, id=35524, stack(0x000000455fe00000,0x000000455ff00000) (1024K)]
  0x000001457e3f7d80 JavaThread "C1 CompilerThread3"         daemon [_thread_blocked, id=14156, stack(0x0000004562200000,0x0000004562300000) (1024K)]
  0x000001450b3645e0 JavaThread "C2 CompilerThread1"         daemon [_thread_blocked, id=39864, stack(0x000000455f700000,0x000000455f800000) (1024K)]
=>0x000001450b361580 JavaThread "C2 CompilerThread2"         daemon [_thread_in_native, id=34912, stack(0x000000455ff00000,0x0000004560000000) (1024K)]
Total: 37

Other Threads:
  0x000001457e3bbf70 VMThread "VM Thread"                           [id=39828, stack(0x000000455ee00000,0x000000455ef00000) (1024K)]
  0x000001457e3a7ae0 WatcherThread "VM Periodic Task Thread"        [id=39772, stack(0x000000455ed00000,0x000000455ee00000) (1024K)]
  0x0000014562606800 WorkerThread "GC Thread#0"                     [id=38128, stack(0x000000455e800000,0x000000455e900000) (1024K)]
  0x00000145047b2b70 WorkerThread "GC Thread#1"                     [id=21644, stack(0x0000004560000000,0x0000004560100000) (1024K)]
  0x00000145047b33b0 WorkerThread "GC Thread#2"                     [id=28620, stack(0x0000004560100000,0x0000004560200000) (1024K)]
  0x00000145047b6010 WorkerThread "GC Thread#3"                     [id=21932, stack(0x0000004560200000,0x0000004560300000) (1024K)]
  0x00000145047bcdb0 WorkerThread "GC Thread#4"                     [id=38940, stack(0x0000004560300000,0x0000004560400000) (1024K)]
  0x00000145047bd5b0 WorkerThread "GC Thread#5"                     [id=36148, stack(0x0000004560400000,0x0000004560500000) (1024K)]
  0x0000014504251390 WorkerThread "GC Thread#6"                     [id=31828, stack(0x0000004560c00000,0x0000004560d00000) (1024K)]
  0x00000145051ebfb0 WorkerThread "GC Thread#7"                     [id=34960, stack(0x0000004560d00000,0x0000004560e00000) (1024K)]
  0x00000145051e9040 WorkerThread "GC Thread#8"                     [id=27232, stack(0x0000004560e00000,0x0000004560f00000) (1024K)]
  0x00000145051e98e0 WorkerThread "GC Thread#9"                     [id=16876, stack(0x0000004560f00000,0x0000004561000000) (1024K)]
  0x00000145051e8bf0 WorkerThread "GC Thread#10"                    [id=30872, stack(0x0000004561000000,0x0000004561100000) (1024K)]
  0x00000145051ebb60 WorkerThread "GC Thread#11"                    [id=37944, stack(0x0000004561100000,0x0000004561200000) (1024K)]
  0x00000145051ed0f0 WorkerThread "GC Thread#12"                    [id=37960, stack(0x0000004561200000,0x0000004561300000) (1024K)]
  0x000001456260d8d0 ConcurrentGCThread "G1 Main Marker"            [id=12444, stack(0x000000455e900000,0x000000455ea00000) (1024K)]
  0x000001456260fad0 WorkerThread "G1 Conc#0"                       [id=14608, stack(0x000000455ea00000,0x000000455eb00000) (1024K)]
  0x00000145051eb710 WorkerThread "G1 Conc#1"                       [id=22500, stack(0x0000004561800000,0x0000004561900000) (1024K)]
  0x00000145051ed540 WorkerThread "G1 Conc#2"                       [id=39692, stack(0x0000004561900000,0x0000004561a00000) (1024K)]
  0x000001456268e220 ConcurrentGCThread "G1 Refine#0"               [id=38204, stack(0x000000455eb00000,0x000000455ec00000) (1024K)]
  0x000001457e27a0e0 ConcurrentGCThread "G1 Service"                [id=35288, stack(0x000000455ec00000,0x000000455ed00000) (1024K)]
Total: 21

Threads with active compile tasks:
C2 CompilerThread2  21920 8972       4       java.util.jar.JarFile::getVersionedEntry (114 bytes)
Total: 1

VM state: not at safepoint (normal execution)

VM Mutex/Monitor currently owned by a thread: None

Heap address: 0x00000000e0000000, size: 512 MB, Compressed Oops mode: 32-bit

CDS archive(s) mapped at: [0x0000000096000000-0x0000000096dd0000-0x0000000096dd0000), size 14483456, SharedBaseAddress: 0x0000000096000000, ArchiveRelocationMode: 1.
Compressed class space mapped at: 0x0000000097000000-0x00000000ab000000, reserved size: 335544320
UseCompressedClassPointers 1, UseCompactObjectHeaders 0
Narrow klass pointer bits 32, Max shift 3
Narrow klass base: 0x0000000096000000, Narrow klass shift: 0
Encoding Range: [0x0000000096000000 - 0x0000000196000000), (4294967296 bytes)
Klass Range:    [0x0000000096010000 - 0x00000000ab000000), (352256000 bytes)
Klass ID Range:  [65536 - 352321529) (352255993)
Protection zone: [0x0000000096000000 - 0x0000000096010000), (65536 bytes)

GC Precious Log:
 CardTable entry size: 512
 Card Set container configuration: InlinePtr #cards 5 size 8 Array Of Cards #cards 10 size 36 Howl #buckets 4 coarsen threshold 1843 Howl Bitmap #cards 512 size 80 coarsen threshold 460 Card regions per heap region 1 cards per card region 2048
 CPUs: 16 total, 16 available
 Memory: 15547M
 Large Page Support: Disabled
 NUMA Support: Disabled
 Compressed Oops: Enabled (32-bit)
 Heap Region Size: 1M
 Heap Min Capacity: 256M
 Heap Initial Capacity: 256M
 Heap Max Capacity: 512M
 Pre-touch: Disabled
 Parallel Workers: 13
 Concurrent Workers: 3
 Concurrent Refinement Workers: 13
 Periodic GC: Disabled

Heap:
 garbage-first heap   total reserved 524288K, committed 289792K, used 162372K [0x00000000e0000000, 0x0000000100000000)
  region size 1024K, 67 young (68608K), 20 survivors (20480K)

Heap Regions: E=young(eden), S=young(survivor), O=old, HS=humongous(starts), HC=humongous(continues), CS=collection set, F=free, TAMS=top-at-mark-start, PB=parsable bottom
|   0|0x00000000e0000000, 0x00000000e0100000, 0x00000000e0100000|100%|HS|  |TAMS 0x00000000e0000000| PB 0x00000000e0000000| Complete |  0
|   1|0x00000000e0100000, 0x00000000e0200000, 0x00000000e0200000|100%|HC|  |TAMS 0x00000000e0100000| PB 0x00000000e0100000| Complete |  0
|   2|0x00000000e0200000, 0x00000000e0300000, 0x00000000e0300000|100%|HC|  |TAMS 0x00000000e0200000| PB 0x00000000e0200000| Complete |  0
|   3|0x00000000e0300000, 0x00000000e0400000, 0x00000000e0400000|100%| O|  |TAMS 0x00000000e0300000| PB 0x00000000e0300000| Untracked |  0
|   4|0x00000000e0400000, 0x00000000e0500000, 0x00000000e0500000|100%| O|  |TAMS 0x00000000e0400000| PB 0x00000000e0400000| Untracked |  0
|   5|0x00000000e0500000, 0x00000000e0600000, 0x00000000e0600000|100%|HS|  |TAMS 0x00000000e0500000| PB 0x00000000e0500000| Complete |  0
|   6|0x00000000e0600000, 0x00000000e0700000, 0x00000000e0700000|100%| O|  |TAMS 0x00000000e0600000| PB 0x00000000e0600000| Untracked |  0
|   7|0x00000000e0700000, 0x00000000e0800000, 0x00000000e0800000|100%| O|  |TAMS 0x00000000e0700000| PB 0x00000000e0700000| Untracked |  0
|   8|0x00000000e0800000, 0x00000000e0900000, 0x00000000e0900000|100%| O|  |TAMS 0x00000000e0800000| PB 0x00000000e0800000| Untracked |  0
|   9|0x00000000e0900000, 0x00000000e0a00000, 0x00000000e0a00000|100%| O|  |TAMS 0x00000000e0900000| PB 0x00000000e0900000| Untracked |  0
|  10|0x00000000e0a00000, 0x00000000e0b00000, 0x00000000e0b00000|100%| O|  |TAMS 0x00000000e0a00000| PB 0x00000000e0a00000| Untracked |  0
|  11|0x00000000e0b00000, 0x00000000e0c00000, 0x00000000e0c00000|100%| O|  |TAMS 0x00000000e0b00000| PB 0x00000000e0b00000| Untracked |  0
|  12|0x00000000e0c00000, 0x00000000e0d00000, 0x00000000e0d00000|100%| O|  |TAMS 0x00000000e0c00000| PB 0x00000000e0c00000| Untracked |  0
|  13|0x00000000e0d00000, 0x00000000e0e00000, 0x00000000e0e00000|100%| O|  |TAMS 0x00000000e0d00000| PB 0x00000000e0d00000| Untracked |  0
|  14|0x00000000e0e00000, 0x00000000e0f00000, 0x00000000e0f00000|100%| O|  |TAMS 0x00000000e0e00000| PB 0x00000000e0e00000| Untracked |  0
|  15|0x00000000e0f00000, 0x00000000e1000000, 0x00000000e1000000|100%| O|  |TAMS 0x00000000e0f00000| PB 0x00000000e0f00000| Untracked |  0
|  16|0x00000000e1000000, 0x00000000e1100000, 0x00000000e1100000|100%| O|  |TAMS 0x00000000e1000000| PB 0x00000000e1000000| Untracked |  0
|  17|0x00000000e1100000, 0x00000000e1200000, 0x00000000e1200000|100%| O|  |TAMS 0x00000000e1100000| PB 0x00000000e1100000| Untracked |  0
|  18|0x00000000e1200000, 0x00000000e1300000, 0x00000000e1300000|100%| O|  |TAMS 0x00000000e1200000| PB 0x00000000e1200000| Untracked |  0
|  19|0x00000000e1300000, 0x00000000e1400000, 0x00000000e1400000|100%| O|  |TAMS 0x00000000e1300000| PB 0x00000000e1300000| Untracked |  0
|  20|0x00000000e1400000, 0x00000000e1500000, 0x00000000e1500000|100%| O|  |TAMS 0x00000000e1400000| PB 0x00000000e1400000| Untracked |  0
|  21|0x00000000e1500000, 0x00000000e1600000, 0x00000000e1600000|100%| O|  |TAMS 0x00000000e1500000| PB 0x00000000e1500000| Untracked |  0
|  22|0x00000000e1600000, 0x00000000e1700000, 0x00000000e1700000|100%| O|  |TAMS 0x00000000e1600000| PB 0x00000000e1600000| Untracked |  0
|  23|0x00000000e1700000, 0x00000000e1800000, 0x00000000e1800000|100%| O|  |TAMS 0x00000000e1700000| PB 0x00000000e1700000| Untracked |  0
|  24|0x00000000e1800000, 0x00000000e1900000, 0x00000000e1900000|100%| O|  |TAMS 0x00000000e1800000| PB 0x00000000e1800000| Untracked |  0
|  25|0x00000000e1900000, 0x00000000e1a00000, 0x00000000e1a00000|100%| O|  |TAMS 0x00000000e1900000| PB 0x00000000e1900000| Untracked |  0
|  26|0x00000000e1a00000, 0x00000000e1b00000, 0x00000000e1b00000|100%| O|  |TAMS 0x00000000e1a00000| PB 0x00000000e1a00000| Untracked |  0
|  27|0x00000000e1b00000, 0x00000000e1c00000, 0x00000000e1c00000|100%| O|  |TAMS 0x00000000e1b00000| PB 0x00000000e1b00000| Untracked |  0
|  28|0x00000000e1c00000, 0x00000000e1d00000, 0x00000000e1d00000|100%| O|  |TAMS 0x00000000e1c00000| PB 0x00000000e1c00000| Untracked |  0
|  29|0x00000000e1d00000, 0x00000000e1e00000, 0x00000000e1e00000|100%| O|  |TAMS 0x00000000e1d00000| PB 0x00000000e1d00000| Untracked |  0
|  30|0x00000000e1e00000, 0x00000000e1f00000, 0x00000000e1f00000|100%| O|Cm|TAMS 0x00000000e1e00000| PB 0x00000000e1e00000| Complete |  0
|  31|0x00000000e1f00000, 0x00000000e2000000, 0x00000000e2000000|100%| O|Cm|TAMS 0x00000000e1f00000| PB 0x00000000e1f00000| Complete |  0
|  32|0x00000000e2000000, 0x00000000e2100000, 0x00000000e2100000|100%| O|Cm|TAMS 0x00000000e2000000| PB 0x00000000e2000000| Complete |  0
|  33|0x00000000e2100000, 0x00000000e2200000, 0x00000000e2200000|100%| O|Cm|TAMS 0x00000000e2100000| PB 0x00000000e2100000| Complete |  0
|  34|0x00000000e2200000, 0x00000000e2300000, 0x00000000e2300000|100%| O|Cm|TAMS 0x00000000e2200000| PB 0x00000000e2200000| Complete |  0
|  35|0x00000000e2300000, 0x00000000e2300000, 0x00000000e2400000|  0%| F|  |TAMS 0x00000000e2300000| PB 0x00000000e2300000| Untracked |  0
|  36|0x00000000e2400000, 0x00000000e2500000, 0x00000000e2500000|100%| O|Cm|TAMS 0x00000000e2400000| PB 0x00000000e2400000| Complete |  0
|  37|0x00000000e2500000, 0x00000000e2500000, 0x00000000e2600000|  0%| F|  |TAMS 0x00000000e2500000| PB 0x00000000e2500000| Untracked |  0
|  38|0x00000000e2600000, 0x00000000e2700000, 0x00000000e2700000|100%| O|Cm|TAMS 0x00000000e2600000| PB 0x00000000e2600000| Complete |  0
|  39|0x00000000e2700000, 0x00000000e2700000, 0x00000000e2800000|  0%| F|  |TAMS 0x00000000e2700000| PB 0x00000000e2700000| Untracked |  0
|  40|0x00000000e2800000, 0x00000000e2800000, 0x00000000e2900000|  0%| F|  |TAMS 0x00000000e2800000| PB 0x00000000e2800000| Untracked |  0
|  41|0x00000000e2900000, 0x00000000e2900000, 0x00000000e2a00000|  0%| F|  |TAMS 0x00000000e2900000| PB 0x00000000e2900000| Untracked |  0
|  42|0x00000000e2a00000, 0x00000000e2a00000, 0x00000000e2b00000|  0%| F|  |TAMS 0x00000000e2a00000| PB 0x00000000e2a00000| Untracked |  0
|  43|0x00000000e2b00000, 0x00000000e2c00000, 0x00000000e2c00000|100%| O|Cm|TAMS 0x00000000e2b00000| PB 0x00000000e2b00000| Complete |  0
|  44|0x00000000e2c00000, 0x00000000e2c00000, 0x00000000e2d00000|  0%| F|  |TAMS 0x00000000e2c00000| PB 0x00000000e2c00000| Untracked |  0
|  45|0x00000000e2d00000, 0x00000000e2d00000, 0x00000000e2e00000|  0%| F|  |TAMS 0x00000000e2d00000| PB 0x00000000e2d00000| Untracked |  0
|  46|0x00000000e2e00000, 0x00000000e2e00000, 0x00000000e2f00000|  0%| F|  |TAMS 0x00000000e2e00000| PB 0x00000000e2e00000| Untracked |  0
|  47|0x00000000e2f00000, 0x00000000e3000000, 0x00000000e3000000|100%| O|Cm|TAMS 0x00000000e2f00000| PB 0x00000000e2f00000| Complete |  0
|  48|0x00000000e3000000, 0x00000000e3100000, 0x00000000e3100000|100%| O|Cm|TAMS 0x00000000e3000000| PB 0x00000000e3000000| Complete |  0
|  49|0x00000000e3100000, 0x00000000e3100000, 0x00000000e3200000|  0%| F|  |TAMS 0x00000000e3100000| PB 0x00000000e3100000| Untracked |  0
|  50|0x00000000e3200000, 0x00000000e3300000, 0x00000000e3300000|100%| S|CS|TAMS 0x00000000e3200000| PB 0x00000000e3200000| Complete |  0
|  51|0x00000000e3300000, 0x00000000e3400000, 0x00000000e3400000|100%| S|CS|TAMS 0x00000000e3300000| PB 0x00000000e3300000| Complete |  0
|  52|0x00000000e3400000, 0x00000000e3500000, 0x00000000e3500000|100%| S|CS|TAMS 0x00000000e3400000| PB 0x00000000e3400000| Complete |  0
|  53|0x00000000e3500000, 0x00000000e3600000, 0x00000000e3600000|100%| S|CS|TAMS 0x00000000e3500000| PB 0x00000000e3500000| Complete |  0
|  54|0x00000000e3600000, 0x00000000e3700000, 0x00000000e3700000|100%| S|CS|TAMS 0x00000000e3600000| PB 0x00000000e3600000| Complete |  0
|  55|0x00000000e3700000, 0x00000000e3800000, 0x00000000e3800000|100%| S|CS|TAMS 0x00000000e3700000| PB 0x00000000e3700000| Complete |  0
|  56|0x00000000e3800000, 0x00000000e3900000, 0x00000000e3900000|100%| S|CS|TAMS 0x00000000e3800000| PB 0x00000000e3800000| Complete |  0
|  57|0x00000000e3900000, 0x00000000e3a00000, 0x00000000e3a00000|100%| O|  |TAMS 0x00000000e3900000| PB 0x00000000e3900000| Untracked |  0
|  58|0x00000000e3a00000, 0x00000000e3b00000, 0x00000000e3b00000|100%| O|Cm|TAMS 0x00000000e3a00000| PB 0x00000000e3a00000| Complete |  0
|  59|0x00000000e3b00000, 0x00000000e3b00000, 0x00000000e3c00000|  0%| F|  |TAMS 0x00000000e3b00000| PB 0x00000000e3b00000| Untracked |  0
|  60|0x00000000e3c00000, 0x00000000e3c00000, 0x00000000e3d00000|  0%| F|  |TAMS 0x00000000e3c00000| PB 0x00000000e3c00000| Untracked |  0
|  61|0x00000000e3d00000, 0x00000000e3d00000, 0x00000000e3e00000|  0%| F|  |TAMS 0x00000000e3d00000| PB 0x00000000e3d00000| Untracked |  0
|  62|0x00000000e3e00000, 0x00000000e3e00000, 0x00000000e3f00000|  0%| F|  |TAMS 0x00000000e3e00000| PB 0x00000000e3e00000| Untracked |  0
|  63|0x00000000e3f00000, 0x00000000e3f00000, 0x00000000e4000000|  0%| F|  |TAMS 0x00000000e3f00000| PB 0x00000000e3f00000| Untracked |  0
|  64|0x00000000e4000000, 0x00000000e4100000, 0x00000000e4100000|100%| O|Cm|TAMS 0x00000000e4000000| PB 0x00000000e4000000| Complete |  0
|  65|0x00000000e4100000, 0x00000000e4200000, 0x00000000e4200000|100%| O|  |TAMS 0x00000000e4100000| PB 0x00000000e4100000| Untracked |  0
|  66|0x00000000e4200000, 0x00000000e4300000, 0x00000000e4300000|100%| O|  |TAMS 0x00000000e4200000| PB 0x00000000e4200000| Untracked |  0
|  67|0x00000000e4300000, 0x00000000e4400000, 0x00000000e4400000|100%| O|Cm|TAMS 0x00000000e4300000| PB 0x00000000e4300000| Complete |  0
|  68|0x00000000e4400000, 0x00000000e4500000, 0x00000000e4500000|100%| O|  |TAMS 0x00000000e4400000| PB 0x00000000e4400000| Untracked |  0
|  69|0x00000000e4500000, 0x00000000e4600000, 0x00000000e4600000|100%| O|  |TAMS 0x00000000e4500000| PB 0x00000000e4500000| Untracked |  0
|  70|0x00000000e4600000, 0x00000000e4700000, 0x00000000e4700000|100%| O|  |TAMS 0x00000000e4600000| PB 0x00000000e4600000| Untracked |  0
|  71|0x00000000e4700000, 0x00000000e4800000, 0x00000000e4800000|100%| O|  |TAMS 0x00000000e4700000| PB 0x00000000e4700000| Untracked |  0
|  72|0x00000000e4800000, 0x00000000e4900000, 0x00000000e4900000|100%| O|  |TAMS 0x00000000e4800000| PB 0x00000000e4800000| Untracked |  0
|  73|0x00000000e4900000, 0x00000000e4a00000, 0x00000000e4a00000|100%| O|  |TAMS 0x00000000e4900000| PB 0x00000000e4900000| Untracked |  0
|  74|0x00000000e4a00000, 0x00000000e4b00000, 0x00000000e4b00000|100%| O|  |TAMS 0x00000000e4a00000| PB 0x00000000e4a00000| Untracked |  0
|  75|0x00000000e4b00000, 0x00000000e4c00000, 0x00000000e4c00000|100%| O|  |TAMS 0x00000000e4b00000| PB 0x00000000e4b00000| Untracked |  0
|  76|0x00000000e4c00000, 0x00000000e4d00000, 0x00000000e4d00000|100%| O|Cm|TAMS 0x00000000e4c00000| PB 0x00000000e4c00000| Complete |  0
|  77|0x00000000e4d00000, 0x00000000e4e00000, 0x00000000e4e00000|100%| O|  |TAMS 0x00000000e4d00000| PB 0x00000000e4d00000| Untracked |  0
|  78|0x00000000e4e00000, 0x00000000e4f00000, 0x00000000e4f00000|100%| O|Cm|TAMS 0x00000000e4e00000| PB 0x00000000e4e00000| Complete |  0
|  79|0x00000000e4f00000, 0x00000000e5000000, 0x00000000e5000000|100%| O|  |TAMS 0x00000000e4f00000| PB 0x00000000e4f00000| Untracked |  0
|  80|0x00000000e5000000, 0x00000000e5100000, 0x00000000e5100000|100%| O|  |TAMS 0x00000000e5000000| PB 0x00000000e5000000| Untracked |  0
|  81|0x00000000e5100000, 0x00000000e5200000, 0x00000000e5200000|100%| O|Cm|TAMS 0x00000000e5100000| PB 0x00000000e5100000| Complete |  0
|  82|0x00000000e5200000, 0x00000000e5300000, 0x00000000e5300000|100%| O|  |TAMS 0x00000000e5200000| PB 0x00000000e5200000| Untracked |  0
|  83|0x00000000e5300000, 0x00000000e5400000, 0x00000000e5400000|100%| O|  |TAMS 0x00000000e5300000| PB 0x00000000e5300000| Untracked |  0
|  84|0x00000000e5400000, 0x00000000e5500000, 0x00000000e5500000|100%| O|  |TAMS 0x00000000e5400000| PB 0x00000000e5400000| Untracked |  0
|  85|0x00000000e5500000, 0x00000000e5600000, 0x00000000e5600000|100%| O|  |TAMS 0x00000000e5500000| PB 0x00000000e5500000| Untracked |  0
|  86|0x00000000e5600000, 0x00000000e5700000, 0x00000000e5700000|100%| O|  |TAMS 0x00000000e5600000| PB 0x00000000e5600000| Untracked |  0
|  87|0x00000000e5700000, 0x00000000e5800000, 0x00000000e5800000|100%| O|  |TAMS 0x00000000e5700000| PB 0x00000000e5700000| Untracked |  0
|  88|0x00000000e5800000, 0x00000000e5900000, 0x00000000e5900000|100%| O|  |TAMS 0x00000000e5800000| PB 0x00000000e5800000| Untracked |  0
|  89|0x00000000e5900000, 0x00000000e5a00000, 0x00000000e5a00000|100%| O|  |TAMS 0x00000000e5900000| PB 0x00000000e5900000| Untracked |  0
|  90|0x00000000e5a00000, 0x00000000e5b00000, 0x00000000e5b00000|100%| O|Cm|TAMS 0x00000000e5a00000| PB 0x00000000e5a00000| Complete |  0
|  91|0x00000000e5b00000, 0x00000000e5c00000, 0x00000000e5c00000|100%| O|Cm|TAMS 0x00000000e5b00000| PB 0x00000000e5b00000| Complete |  0
|  92|0x00000000e5c00000, 0x00000000e5d00000, 0x00000000e5d00000|100%| O|Cm|TAMS 0x00000000e5c00000| PB 0x00000000e5c00000| Complete |  0
|  93|0x00000000e5d00000, 0x00000000e5e00000, 0x00000000e5e00000|100%| O|  |TAMS 0x00000000e5d00000| PB 0x00000000e5d00000| Untracked |  0
|  94|0x00000000e5e00000, 0x00000000e5e00000, 0x00000000e5f00000|  0%| F|  |TAMS 0x00000000e5e00000| PB 0x00000000e5e00000| Untracked |  0
|  95|0x00000000e5f00000, 0x00000000e6000000, 0x00000000e6000000|100%| O|  |TAMS 0x00000000e5f00000| PB 0x00000000e5f00000| Untracked |  0
|  96|0x00000000e6000000, 0x00000000e6100000, 0x00000000e6100000|100%| O|  |TAMS 0x00000000e6000000| PB 0x00000000e6000000| Untracked |  0
|  97|0x00000000e6100000, 0x00000000e6200000, 0x00000000e6200000|100%| O|  |TAMS 0x00000000e6100000| PB 0x00000000e6100000| Untracked |  0
|  98|0x00000000e6200000, 0x00000000e6300000, 0x00000000e6300000|100%| O|  |TAMS 0x00000000e6200000| PB 0x00000000e6200000| Untracked |  0
|  99|0x00000000e6300000, 0x00000000e6400000, 0x00000000e6400000|100%| O|  |TAMS 0x00000000e6300000| PB 0x00000000e6300000| Untracked |  0
| 100|0x00000000e6400000, 0x00000000e6500000, 0x00000000e6500000|100%| O|  |TAMS 0x00000000e6400000| PB 0x00000000e6400000| Untracked |  0
| 101|0x00000000e6500000, 0x00000000e6600000, 0x00000000e6600000|100%| O|  |TAMS 0x00000000e6500000| PB 0x00000000e6500000| Untracked |  0
| 102|0x00000000e6600000, 0x00000000e6700000, 0x00000000e6700000|100%| O|  |TAMS 0x00000000e6600000| PB 0x00000000e6600000| Untracked |  0
| 103|0x00000000e6700000, 0x00000000e6800000, 0x00000000e6800000|100%| S|CS|TAMS 0x00000000e6700000| PB 0x00000000e6700000| Complete |  0
| 104|0x00000000e6800000, 0x00000000e6900000, 0x00000000e6900000|100%| O|  |TAMS 0x00000000e6800000| PB 0x00000000e6800000| Untracked |  0
| 105|0x00000000e6900000, 0x00000000e6a00000, 0x00000000e6a00000|100%| O|  |TAMS 0x00000000e6900000| PB 0x00000000e6900000| Untracked |  0
| 106|0x00000000e6a00000, 0x00000000e6b00000, 0x00000000e6b00000|100%| S|CS|TAMS 0x00000000e6a00000| PB 0x00000000e6a00000| Complete |  0
| 107|0x00000000e6b00000, 0x00000000e6c00000, 0x00000000e6c00000|100%| S|CS|TAMS 0x00000000e6b00000| PB 0x00000000e6b00000| Complete |  0
| 108|0x00000000e6c00000, 0x00000000e6d00000, 0x00000000e6d00000|100%| S|CS|TAMS 0x00000000e6c00000| PB 0x00000000e6c00000| Complete |  0
| 109|0x00000000e6d00000, 0x00000000e6e00000, 0x00000000e6e00000|100%| S|CS|TAMS 0x00000000e6d00000| PB 0x00000000e6d00000| Complete |  0
| 110|0x00000000e6e00000, 0x00000000e6f00000, 0x00000000e6f00000|100%| O|  |TAMS 0x00000000e6e00000| PB 0x00000000e6e00000| Untracked |  0
| 111|0x00000000e6f00000, 0x00000000e7000000, 0x00000000e7000000|100%| S|CS|TAMS 0x00000000e6f00000| PB 0x00000000e6f00000| Complete |  0
| 112|0x00000000e7000000, 0x00000000e7000000, 0x00000000e7100000|  0%| F|  |TAMS 0x00000000e7000000| PB 0x00000000e7000000| Untracked |  0
| 113|0x00000000e7100000, 0x00000000e7100000, 0x00000000e7200000|  0%| F|  |TAMS 0x00000000e7100000| PB 0x00000000e7100000| Untracked |  0
| 114|0x00000000e7200000, 0x00000000e7200000, 0x00000000e7300000|  0%| F|  |TAMS 0x00000000e7200000| PB 0x00000000e7200000| Untracked |  0
| 115|0x00000000e7300000, 0x00000000e7300000, 0x00000000e7400000|  0%| F|  |TAMS 0x00000000e7300000| PB 0x00000000e7300000| Untracked |  0
| 116|0x00000000e7400000, 0x00000000e7400000, 0x00000000e7500000|  0%| F|  |TAMS 0x00000000e7400000| PB 0x00000000e7400000| Untracked |  0
| 117|0x00000000e7500000, 0x00000000e7500000, 0x00000000e7600000|  0%| F|  |TAMS 0x00000000e7500000| PB 0x00000000e7500000| Untracked |  0
| 118|0x00000000e7600000, 0x00000000e7700000, 0x00000000e7700000|100%| S|CS|TAMS 0x00000000e7600000| PB 0x00000000e7600000| Complete |  0
| 119|0x00000000e7700000, 0x00000000e7800000, 0x00000000e7800000|100%| S|CS|TAMS 0x00000000e7700000| PB 0x00000000e7700000| Complete |  0
| 120|0x00000000e7800000, 0x00000000e7900000, 0x00000000e7900000|100%| S|CS|TAMS 0x00000000e7800000| PB 0x00000000e7800000| Complete |  0
| 121|0x00000000e7900000, 0x00000000e7900000, 0x00000000e7a00000|  0%| F|  |TAMS 0x00000000e7900000| PB 0x00000000e7900000| Untracked |  0
| 122|0x00000000e7a00000, 0x00000000e7a00000, 0x00000000e7b00000|  0%| F|  |TAMS 0x00000000e7a00000| PB 0x00000000e7a00000| Untracked |  0
| 123|0x00000000e7b00000, 0x00000000e7b00000, 0x00000000e7c00000|  0%| F|  |TAMS 0x00000000e7b00000| PB 0x00000000e7b00000| Untracked |  0
| 124|0x00000000e7c00000, 0x00000000e7c00000, 0x00000000e7d00000|  0%| F|  |TAMS 0x00000000e7c00000| PB 0x00000000e7c00000| Untracked |  0
| 125|0x00000000e7d00000, 0x00000000e7d00000, 0x00000000e7e00000|  0%| F|  |TAMS 0x00000000e7d00000| PB 0x00000000e7d00000| Untracked |  0
| 126|0x00000000e7e00000, 0x00000000e7e00000, 0x00000000e7f00000|  0%| F|  |TAMS 0x00000000e7e00000| PB 0x00000000e7e00000| Untracked |  0
| 127|0x00000000e7f00000, 0x00000000e7f00000, 0x00000000e8000000|  0%| F|  |TAMS 0x00000000e7f00000| PB 0x00000000e7f00000| Untracked |  0
| 128|0x00000000e8000000, 0x00000000e8000000, 0x00000000e8100000|  0%| F|  |TAMS 0x00000000e8000000| PB 0x00000000e8000000| Untracked |  0
| 129|0x00000000e8100000, 0x00000000e8100000, 0x00000000e8200000|  0%| F|  |TAMS 0x00000000e8100000| PB 0x00000000e8100000| Untracked |  0
| 130|0x00000000e8200000, 0x00000000e8200000, 0x00000000e8300000|  0%| F|  |TAMS 0x00000000e8200000| PB 0x00000000e8200000| Untracked |  0
| 131|0x00000000e8300000, 0x00000000e8300000, 0x00000000e8400000|  0%| F|  |TAMS 0x00000000e8300000| PB 0x00000000e8300000| Untracked |  0
| 132|0x00000000e8400000, 0x00000000e8400000, 0x00000000e8500000|  0%| F|  |TAMS 0x00000000e8400000| PB 0x00000000e8400000| Untracked |  0
| 133|0x00000000e8500000, 0x00000000e8500000, 0x00000000e8600000|  0%| F|  |TAMS 0x00000000e8500000| PB 0x00000000e8500000| Untracked |  0
| 134|0x00000000e8600000, 0x00000000e8600000, 0x00000000e8700000|  0%| F|  |TAMS 0x00000000e8600000| PB 0x00000000e8600000| Untracked |  0
| 135|0x00000000e8700000, 0x00000000e8700000, 0x00000000e8800000|  0%| F|  |TAMS 0x00000000e8700000| PB 0x00000000e8700000| Untracked |  0
| 136|0x00000000e8800000, 0x00000000e8800000, 0x00000000e8900000|  0%| F|  |TAMS 0x00000000e8800000| PB 0x00000000e8800000| Untracked |  0
| 137|0x00000000e8900000, 0x00000000e8900000, 0x00000000e8a00000|  0%| F|  |TAMS 0x00000000e8900000| PB 0x00000000e8900000| Untracked |  0
| 138|0x00000000e8a00000, 0x00000000e8a00000, 0x00000000e8b00000|  0%| F|  |TAMS 0x00000000e8a00000| PB 0x00000000e8a00000| Untracked |  0
| 139|0x00000000e8b00000, 0x00000000e8b00000, 0x00000000e8c00000|  0%| F|  |TAMS 0x00000000e8b00000| PB 0x00000000e8b00000| Untracked |  0
| 140|0x00000000e8c00000, 0x00000000e8c00000, 0x00000000e8d00000|  0%| F|  |TAMS 0x00000000e8c00000| PB 0x00000000e8c00000| Untracked |  0
| 141|0x00000000e8d00000, 0x00000000e8d00000, 0x00000000e8e00000|  0%| F|  |TAMS 0x00000000e8d00000| PB 0x00000000e8d00000| Untracked |  0
| 142|0x00000000e8e00000, 0x00000000e8e00000, 0x00000000e8f00000|  0%| F|  |TAMS 0x00000000e8e00000| PB 0x00000000e8e00000| Untracked |  0
| 143|0x00000000e8f00000, 0x00000000e8f00000, 0x00000000e9000000|  0%| F|  |TAMS 0x00000000e8f00000| PB 0x00000000e8f00000| Untracked |  0
| 144|0x00000000e9000000, 0x00000000e9000000, 0x00000000e9100000|  0%| F|  |TAMS 0x00000000e9000000| PB 0x00000000e9000000| Untracked |  0
| 145|0x00000000e9100000, 0x00000000e9100000, 0x00000000e9200000|  0%| F|  |TAMS 0x00000000e9100000| PB 0x00000000e9100000| Untracked |  0
| 146|0x00000000e9200000, 0x00000000e9200000, 0x00000000e9300000|  0%| F|  |TAMS 0x00000000e9200000| PB 0x00000000e9200000| Untracked |  0
| 147|0x00000000e9300000, 0x00000000e9300000, 0x00000000e9400000|  0%| F|  |TAMS 0x00000000e9300000| PB 0x00000000e9300000| Untracked |  0
| 148|0x00000000e9400000, 0x00000000e9400000, 0x00000000e9500000|  0%| F|  |TAMS 0x00000000e9400000| PB 0x00000000e9400000| Untracked |  0
| 149|0x00000000e9500000, 0x00000000e9500000, 0x00000000e9600000|  0%| F|  |TAMS 0x00000000e9500000| PB 0x00000000e9500000| Untracked |  0
| 150|0x00000000e9600000, 0x00000000e9600000, 0x00000000e9700000|  0%| F|  |TAMS 0x00000000e9600000| PB 0x00000000e9600000| Untracked |  0
| 151|0x00000000e9700000, 0x00000000e9700000, 0x00000000e9800000|  0%| F|  |TAMS 0x00000000e9700000| PB 0x00000000e9700000| Untracked |  0
| 152|0x00000000e9800000, 0x00000000e9800000, 0x00000000e9900000|  0%| F|  |TAMS 0x00000000e9800000| PB 0x00000000e9800000| Untracked |  0
| 153|0x00000000e9900000, 0x00000000e9900000, 0x00000000e9a00000|  0%| F|  |TAMS 0x00000000e9900000| PB 0x00000000e9900000| Untracked |  0
| 154|0x00000000e9a00000, 0x00000000e9a00000, 0x00000000e9b00000|  0%| F|  |TAMS 0x00000000e9a00000| PB 0x00000000e9a00000| Untracked |  0
| 155|0x00000000e9b00000, 0x00000000e9b00000, 0x00000000e9c00000|  0%| F|  |TAMS 0x00000000e9b00000| PB 0x00000000e9b00000| Untracked |  0
| 156|0x00000000e9c00000, 0x00000000e9c00000, 0x00000000e9d00000|  0%| F|  |TAMS 0x00000000e9c00000| PB 0x00000000e9c00000| Untracked |  0
| 157|0x00000000e9d00000, 0x00000000e9d00000, 0x00000000e9e00000|  0%| F|  |TAMS 0x00000000e9d00000| PB 0x00000000e9d00000| Untracked |  0
| 158|0x00000000e9e00000, 0x00000000e9e00000, 0x00000000e9f00000|  0%| F|  |TAMS 0x00000000e9e00000| PB 0x00000000e9e00000| Untracked |  0
| 159|0x00000000e9f00000, 0x00000000e9f00000, 0x00000000ea000000|  0%| F|  |TAMS 0x00000000e9f00000| PB 0x00000000e9f00000| Untracked |  0
| 160|0x00000000ea000000, 0x00000000ea000000, 0x00000000ea100000|  0%| F|  |TAMS 0x00000000ea000000| PB 0x00000000ea000000| Untracked |  0
| 161|0x00000000ea100000, 0x00000000ea100000, 0x00000000ea200000|  0%| F|  |TAMS 0x00000000ea100000| PB 0x00000000ea100000| Untracked |  0
| 162|0x00000000ea200000, 0x00000000ea200000, 0x00000000ea300000|  0%| F|  |TAMS 0x00000000ea200000| PB 0x00000000ea200000| Untracked |  0
| 163|0x00000000ea300000, 0x00000000ea300000, 0x00000000ea400000|  0%| F|  |TAMS 0x00000000ea300000| PB 0x00000000ea300000| Untracked |  0
| 164|0x00000000ea400000, 0x00000000ea400000, 0x00000000ea500000|  0%| F|  |TAMS 0x00000000ea400000| PB 0x00000000ea400000| Untracked |  0
| 165|0x00000000ea500000, 0x00000000ea500000, 0x00000000ea600000|  0%| F|  |TAMS 0x00000000ea500000| PB 0x00000000ea500000| Untracked |  0
| 166|0x00000000ea600000, 0x00000000ea600000, 0x00000000ea700000|  0%| F|  |TAMS 0x00000000ea600000| PB 0x00000000ea600000| Untracked |  0
| 167|0x00000000ea700000, 0x00000000ea700000, 0x00000000ea800000|  0%| F|  |TAMS 0x00000000ea700000| PB 0x00000000ea700000| Untracked |  0
| 168|0x00000000ea800000, 0x00000000ea800000, 0x00000000ea900000|  0%| F|  |TAMS 0x00000000ea800000| PB 0x00000000ea800000| Untracked |  0
| 169|0x00000000ea900000, 0x00000000ea900000, 0x00000000eaa00000|  0%| F|  |TAMS 0x00000000ea900000| PB 0x00000000ea900000| Untracked |  0
| 170|0x00000000eaa00000, 0x00000000eaa00000, 0x00000000eab00000|  0%| F|  |TAMS 0x00000000eaa00000| PB 0x00000000eaa00000| Untracked |  0
| 171|0x00000000eab00000, 0x00000000eab00000, 0x00000000eac00000|  0%| F|  |TAMS 0x00000000eab00000| PB 0x00000000eab00000| Untracked |  0
| 172|0x00000000eac00000, 0x00000000eac00000, 0x00000000ead00000|  0%| F|  |TAMS 0x00000000eac00000| PB 0x00000000eac00000| Untracked |  0
| 173|0x00000000ead00000, 0x00000000ead00000, 0x00000000eae00000|  0%| F|  |TAMS 0x00000000ead00000| PB 0x00000000ead00000| Untracked |  0
| 174|0x00000000eae00000, 0x00000000eae00000, 0x00000000eaf00000|  0%| F|  |TAMS 0x00000000eae00000| PB 0x00000000eae00000| Untracked |  0
| 175|0x00000000eaf00000, 0x00000000eaf00000, 0x00000000eb000000|  0%| F|  |TAMS 0x00000000eaf00000| PB 0x00000000eaf00000| Untracked |  0
| 176|0x00000000eb000000, 0x00000000eb000000, 0x00000000eb100000|  0%| F|  |TAMS 0x00000000eb000000| PB 0x00000000eb000000| Untracked |  0
| 177|0x00000000eb100000, 0x00000000eb100000, 0x00000000eb200000|  0%| F|  |TAMS 0x00000000eb100000| PB 0x00000000eb100000| Untracked |  0
| 178|0x00000000eb200000, 0x00000000eb200000, 0x00000000eb300000|  0%| F|  |TAMS 0x00000000eb200000| PB 0x00000000eb200000| Untracked |  0
| 179|0x00000000eb300000, 0x00000000eb300000, 0x00000000eb400000|  0%| F|  |TAMS 0x00000000eb300000| PB 0x00000000eb300000| Untracked |  0
| 180|0x00000000eb400000, 0x00000000eb400000, 0x00000000eb500000|  0%| F|  |TAMS 0x00000000eb400000| PB 0x00000000eb400000| Untracked |  0
| 181|0x00000000eb500000, 0x00000000eb500000, 0x00000000eb600000|  0%| F|  |TAMS 0x00000000eb500000| PB 0x00000000eb500000| Untracked |  0
| 182|0x00000000eb600000, 0x00000000eb600000, 0x00000000eb700000|  0%| F|  |TAMS 0x00000000eb600000| PB 0x00000000eb600000| Untracked |  0
| 183|0x00000000eb700000, 0x00000000eb700000, 0x00000000eb800000|  0%| F|  |TAMS 0x00000000eb700000| PB 0x00000000eb700000| Untracked |  0
| 184|0x00000000eb800000, 0x00000000eb800000, 0x00000000eb900000|  0%| F|  |TAMS 0x00000000eb800000| PB 0x00000000eb800000| Untracked |  0
| 185|0x00000000eb900000, 0x00000000eb900000, 0x00000000eba00000|  0%| F|  |TAMS 0x00000000eb900000| PB 0x00000000eb900000| Untracked |  0
| 186|0x00000000eba00000, 0x00000000eba00000, 0x00000000ebb00000|  0%| F|  |TAMS 0x00000000eba00000| PB 0x00000000eba00000| Untracked |  0
| 187|0x00000000ebb00000, 0x00000000ebb00000, 0x00000000ebc00000|  0%| F|  |TAMS 0x00000000ebb00000| PB 0x00000000ebb00000| Untracked |  0
| 188|0x00000000ebc00000, 0x00000000ebc00000, 0x00000000ebd00000|  0%| F|  |TAMS 0x00000000ebc00000| PB 0x00000000ebc00000| Untracked |  0
| 189|0x00000000ebd00000, 0x00000000ebd00000, 0x00000000ebe00000|  0%| F|  |TAMS 0x00000000ebd00000| PB 0x00000000ebd00000| Untracked |  0
| 190|0x00000000ebe00000, 0x00000000ebe00000, 0x00000000ebf00000|  0%| F|  |TAMS 0x00000000ebe00000| PB 0x00000000ebe00000| Untracked |  0
| 191|0x00000000ebf00000, 0x00000000ebf00000, 0x00000000ec000000|  0%| F|  |TAMS 0x00000000ebf00000| PB 0x00000000ebf00000| Untracked |  0
| 192|0x00000000ec000000, 0x00000000ec000000, 0x00000000ec100000|  0%| F|  |TAMS 0x00000000ec000000| PB 0x00000000ec000000| Untracked |  0
| 193|0x00000000ec100000, 0x00000000ec100000, 0x00000000ec200000|  0%| F|  |TAMS 0x00000000ec100000| PB 0x00000000ec100000| Untracked |  0
| 194|0x00000000ec200000, 0x00000000ec200000, 0x00000000ec300000|  0%| F|  |TAMS 0x00000000ec200000| PB 0x00000000ec200000| Untracked |  0
| 195|0x00000000ec300000, 0x00000000ec300000, 0x00000000ec400000|  0%| F|  |TAMS 0x00000000ec300000| PB 0x00000000ec300000| Untracked |  0
| 196|0x00000000ec400000, 0x00000000ec400000, 0x00000000ec500000|  0%| F|  |TAMS 0x00000000ec400000| PB 0x00000000ec400000| Untracked |  0
| 197|0x00000000ec500000, 0x00000000ec500000, 0x00000000ec600000|  0%| F|  |TAMS 0x00000000ec500000| PB 0x00000000ec500000| Untracked |  0
| 198|0x00000000ec600000, 0x00000000ec600000, 0x00000000ec700000|  0%| F|  |TAMS 0x00000000ec600000| PB 0x00000000ec600000| Untracked |  0
| 199|0x00000000ec700000, 0x00000000ec700000, 0x00000000ec800000|  0%| F|  |TAMS 0x00000000ec700000| PB 0x00000000ec700000| Untracked |  0
| 200|0x00000000ec800000, 0x00000000ec800000, 0x00000000ec900000|  0%| F|  |TAMS 0x00000000ec800000| PB 0x00000000ec800000| Untracked |  0
| 201|0x00000000ec900000, 0x00000000ec900000, 0x00000000eca00000|  0%| F|  |TAMS 0x00000000ec900000| PB 0x00000000ec900000| Untracked |  0
| 202|0x00000000eca00000, 0x00000000eca00000, 0x00000000ecb00000|  0%| F|  |TAMS 0x00000000eca00000| PB 0x00000000eca00000| Untracked |  0
| 203|0x00000000ecb00000, 0x00000000ecb00000, 0x00000000ecc00000|  0%| F|  |TAMS 0x00000000ecb00000| PB 0x00000000ecb00000| Untracked |  0
| 204|0x00000000ecc00000, 0x00000000ecc00000, 0x00000000ecd00000|  0%| F|  |TAMS 0x00000000ecc00000| PB 0x00000000ecc00000| Untracked |  0
| 205|0x00000000ecd00000, 0x00000000ecd00000, 0x00000000ece00000|  0%| F|  |TAMS 0x00000000ecd00000| PB 0x00000000ecd00000| Untracked |  0
| 206|0x00000000ece00000, 0x00000000ece00000, 0x00000000ecf00000|  0%| F|  |TAMS 0x00000000ece00000| PB 0x00000000ece00000| Untracked |  0
| 207|0x00000000ecf00000, 0x00000000ecf00000, 0x00000000ed000000|  0%| F|  |TAMS 0x00000000ecf00000| PB 0x00000000ecf00000| Untracked |  0
| 208|0x00000000ed000000, 0x00000000ed000000, 0x00000000ed100000|  0%| F|  |TAMS 0x00000000ed000000| PB 0x00000000ed000000| Untracked |  0
| 209|0x00000000ed100000, 0x00000000ed100000, 0x00000000ed200000|  0%| F|  |TAMS 0x00000000ed100000| PB 0x00000000ed100000| Untracked |  0
| 210|0x00000000ed200000, 0x00000000ed200000, 0x00000000ed300000|  0%| F|  |TAMS 0x00000000ed200000| PB 0x00000000ed200000| Untracked |  0
| 211|0x00000000ed300000, 0x00000000ed300000, 0x00000000ed400000|  0%| F|  |TAMS 0x00000000ed300000| PB 0x00000000ed300000| Untracked |  0
| 212|0x00000000ed400000, 0x00000000ed400000, 0x00000000ed500000|  0%| F|  |TAMS 0x00000000ed400000| PB 0x00000000ed400000| Untracked |  0
| 213|0x00000000ed500000, 0x00000000ed500000, 0x00000000ed600000|  0%| F|  |TAMS 0x00000000ed500000| PB 0x00000000ed500000| Untracked |  0
| 214|0x00000000ed600000, 0x00000000ed600000, 0x00000000ed700000|  0%| F|  |TAMS 0x00000000ed600000| PB 0x00000000ed600000| Untracked |  0
| 215|0x00000000ed700000, 0x00000000ed700000, 0x00000000ed800000|  0%| F|  |TAMS 0x00000000ed700000| PB 0x00000000ed700000| Untracked |  0
| 216|0x00000000ed800000, 0x00000000ed800000, 0x00000000ed900000|  0%| F|  |TAMS 0x00000000ed800000| PB 0x00000000ed800000| Untracked |  0
| 217|0x00000000ed900000, 0x00000000ed900000, 0x00000000eda00000|  0%| F|  |TAMS 0x00000000ed900000| PB 0x00000000ed900000| Untracked |  0
| 218|0x00000000eda00000, 0x00000000eda00000, 0x00000000edb00000|  0%| F|  |TAMS 0x00000000eda00000| PB 0x00000000eda00000| Untracked |  0
| 219|0x00000000edb00000, 0x00000000edb00000, 0x00000000edc00000|  0%| F|  |TAMS 0x00000000edb00000| PB 0x00000000edb00000| Untracked |  0
| 220|0x00000000edc00000, 0x00000000edc00000, 0x00000000edd00000|  0%| F|  |TAMS 0x00000000edc00000| PB 0x00000000edc00000| Untracked |  0
| 221|0x00000000edd00000, 0x00000000edd83898, 0x00000000ede00000| 51%| E|  |TAMS 0x00000000edd00000| PB 0x00000000edd00000| Complete |  0
| 222|0x00000000ede00000, 0x00000000edf00000, 0x00000000edf00000|100%| E|CS|TAMS 0x00000000ede00000| PB 0x00000000ede00000| Complete |  0
| 223|0x00000000edf00000, 0x00000000ee000000, 0x00000000ee000000|100%| E|CS|TAMS 0x00000000edf00000| PB 0x00000000edf00000| Complete |  0
| 224|0x00000000ee000000, 0x00000000ee100000, 0x00000000ee100000|100%| E|CS|TAMS 0x00000000ee000000| PB 0x00000000ee000000| Complete |  0
| 225|0x00000000ee100000, 0x00000000ee200000, 0x00000000ee200000|100%| E|CS|TAMS 0x00000000ee100000| PB 0x00000000ee100000| Complete |  0
| 226|0x00000000ee200000, 0x00000000ee300000, 0x00000000ee300000|100%| E|CS|TAMS 0x00000000ee200000| PB 0x00000000ee200000| Complete |  0
| 227|0x00000000ee300000, 0x00000000ee400000, 0x00000000ee400000|100%| E|CS|TAMS 0x00000000ee300000| PB 0x00000000ee300000| Complete |  0
| 228|0x00000000ee400000, 0x00000000ee500000, 0x00000000ee500000|100%| E|CS|TAMS 0x00000000ee400000| PB 0x00000000ee400000| Complete |  0
| 229|0x00000000ee500000, 0x00000000ee600000, 0x00000000ee600000|100%| E|CS|TAMS 0x00000000ee500000| PB 0x00000000ee500000| Complete |  0
| 230|0x00000000ee600000, 0x00000000ee700000, 0x00000000ee700000|100%| E|CS|TAMS 0x00000000ee600000| PB 0x00000000ee600000| Complete |  0
| 231|0x00000000ee700000, 0x00000000ee800000, 0x00000000ee800000|100%| E|CS|TAMS 0x00000000ee700000| PB 0x00000000ee700000| Complete |  0
| 232|0x00000000ee800000, 0x00000000ee900000, 0x00000000ee900000|100%| E|CS|TAMS 0x00000000ee800000| PB 0x00000000ee800000| Complete |  0
| 233|0x00000000ee900000, 0x00000000eea00000, 0x00000000eea00000|100%| E|CS|TAMS 0x00000000ee900000| PB 0x00000000ee900000| Complete |  0
| 234|0x00000000eea00000, 0x00000000eeb00000, 0x00000000eeb00000|100%| E|CS|TAMS 0x00000000eea00000| PB 0x00000000eea00000| Complete |  0
| 235|0x00000000eeb00000, 0x00000000eec00000, 0x00000000eec00000|100%| E|CS|TAMS 0x00000000eeb00000| PB 0x00000000eeb00000| Complete |  0
| 236|0x00000000eec00000, 0x00000000eed00000, 0x00000000eed00000|100%| E|CS|TAMS 0x00000000eec00000| PB 0x00000000eec00000| Complete |  0
| 237|0x00000000eed00000, 0x00000000eee00000, 0x00000000eee00000|100%| E|CS|TAMS 0x00000000eed00000| PB 0x00000000eed00000| Complete |  0
| 238|0x00000000eee00000, 0x00000000eef00000, 0x00000000eef00000|100%| E|CS|TAMS 0x00000000eee00000| PB 0x00000000eee00000| Complete |  0
| 239|0x00000000eef00000, 0x00000000ef000000, 0x00000000ef000000|100%| E|CS|TAMS 0x00000000eef00000| PB 0x00000000eef00000| Complete |  0
| 240|0x00000000ef000000, 0x00000000ef100000, 0x00000000ef100000|100%| E|CS|TAMS 0x00000000ef000000| PB 0x00000000ef000000| Complete |  0
| 241|0x00000000ef100000, 0x00000000ef200000, 0x00000000ef200000|100%| E|CS|TAMS 0x00000000ef100000| PB 0x00000000ef100000| Complete |  0
| 242|0x00000000ef200000, 0x00000000ef300000, 0x00000000ef300000|100%| E|CS|TAMS 0x00000000ef200000| PB 0x00000000ef200000| Complete |  0
| 243|0x00000000ef300000, 0x00000000ef400000, 0x00000000ef400000|100%| E|CS|TAMS 0x00000000ef300000| PB 0x00000000ef300000| Complete |  0
| 244|0x00000000ef400000, 0x00000000ef500000, 0x00000000ef500000|100%| E|CS|TAMS 0x00000000ef400000| PB 0x00000000ef400000| Complete |  0
| 245|0x00000000ef500000, 0x00000000ef600000, 0x00000000ef600000|100%| E|CS|TAMS 0x00000000ef500000| PB 0x00000000ef500000| Complete |  0
| 246|0x00000000ef600000, 0x00000000ef700000, 0x00000000ef700000|100%| E|CS|TAMS 0x00000000ef600000| PB 0x00000000ef600000| Complete |  0
| 247|0x00000000ef700000, 0x00000000ef800000, 0x00000000ef800000|100%| E|CS|TAMS 0x00000000ef700000| PB 0x00000000ef700000| Complete |  0
| 248|0x00000000ef800000, 0x00000000ef900000, 0x00000000ef900000|100%| E|CS|TAMS 0x00000000ef800000| PB 0x00000000ef800000| Complete |  0
| 249|0x00000000ef900000, 0x00000000efa00000, 0x00000000efa00000|100%| E|CS|TAMS 0x00000000ef900000| PB 0x00000000ef900000| Complete |  0
| 250|0x00000000efa00000, 0x00000000efb00000, 0x00000000efb00000|100%| E|CS|TAMS 0x00000000efa00000| PB 0x00000000efa00000| Complete |  0
| 251|0x00000000efb00000, 0x00000000efc00000, 0x00000000efc00000|100%| E|CS|TAMS 0x00000000efb00000| PB 0x00000000efb00000| Complete |  0
| 252|0x00000000efc00000, 0x00000000efd00000, 0x00000000efd00000|100%| E|CS|TAMS 0x00000000efc00000| PB 0x00000000efc00000| Complete |  0
| 253|0x00000000efd00000, 0x00000000efe00000, 0x00000000efe00000|100%| E|CS|TAMS 0x00000000efd00000| PB 0x00000000efd00000| Complete |  0
| 254|0x00000000efe00000, 0x00000000eff00000, 0x00000000eff00000|100%| E|CS|TAMS 0x00000000efe00000| PB 0x00000000efe00000| Complete |  0
| 255|0x00000000eff00000, 0x00000000f0000000, 0x00000000f0000000|100%| E|CS|TAMS 0x00000000eff00000| PB 0x00000000eff00000| Complete |  0
| 256|0x00000000f0000000, 0x00000000f0100000, 0x00000000f0100000|100%| E|CS|TAMS 0x00000000f0000000| PB 0x00000000f0000000| Complete |  0
| 257|0x00000000f0100000, 0x00000000f0200000, 0x00000000f0200000|100%| E|CS|TAMS 0x00000000f0100000| PB 0x00000000f0100000| Complete |  0
| 258|0x00000000f0200000, 0x00000000f0300000, 0x00000000f0300000|100%| E|CS|TAMS 0x00000000f0200000| PB 0x00000000f0200000| Complete |  0
| 259|0x00000000f0300000, 0x00000000f0400000, 0x00000000f0400000|100%| E|CS|TAMS 0x00000000f0300000| PB 0x00000000f0300000| Complete |  0
| 260|0x00000000f0400000, 0x00000000f0500000, 0x00000000f0500000|100%| E|CS|TAMS 0x00000000f0400000| PB 0x00000000f0400000| Complete |  0
| 261|0x00000000f0500000, 0x00000000f0600000, 0x00000000f0600000|100%| E|CS|TAMS 0x00000000f0500000| PB 0x00000000f0500000| Complete |  0
| 262|0x00000000f0600000, 0x00000000f0700000, 0x00000000f0700000|100%| E|CS|TAMS 0x00000000f0600000| PB 0x00000000f0600000| Complete |  0
| 263|0x00000000f0700000, 0x00000000f0800000, 0x00000000f0800000|100%| E|CS|TAMS 0x00000000f0700000| PB 0x00000000f0700000| Complete |  0
| 264|0x00000000f0800000, 0x00000000f0900000, 0x00000000f0900000|100%| E|CS|TAMS 0x00000000f0800000| PB 0x00000000f0800000| Complete |  0
| 265|0x00000000f0900000, 0x00000000f0a00000, 0x00000000f0a00000|100%| E|CS|TAMS 0x00000000f0900000| PB 0x00000000f0900000| Complete |  0
| 266|0x00000000f0a00000, 0x00000000f0b00000, 0x00000000f0b00000|100%| E|CS|TAMS 0x00000000f0a00000| PB 0x00000000f0a00000| Complete |  0
| 267|0x00000000f0b00000, 0x00000000f0c00000, 0x00000000f0c00000|100%| E|CS|TAMS 0x00000000f0b00000| PB 0x00000000f0b00000| Complete |  0
| 268|0x00000000f0c00000, 0x00000000f0d00000, 0x00000000f0d00000|100%| S|CS|TAMS 0x00000000f0c00000| PB 0x00000000f0c00000| Complete |  0
| 269|0x00000000f0d00000, 0x00000000f0e00000, 0x00000000f0e00000|100%| S|CS|TAMS 0x00000000f0d00000| PB 0x00000000f0d00000| Complete |  0
| 270|0x00000000f0e00000, 0x00000000f0f00000, 0x00000000f0f00000|100%| S|CS|TAMS 0x00000000f0e00000| PB 0x00000000f0e00000| Complete |  0
| 271|0x00000000f0f00000, 0x00000000f1000000, 0x00000000f1000000|100%| S|CS|TAMS 0x00000000f0f00000| PB 0x00000000f0f00000| Complete |  0
| 501|0x00000000ff500000, 0x00000000ff591200, 0x00000000ff600000| 56%| O|  |TAMS 0x00000000ff500000| PB 0x00000000ff500000| Untracked |  0
| 502|0x00000000ff600000, 0x00000000ff700000, 0x00000000ff700000|100%| O|  |TAMS 0x00000000ff600000| PB 0x00000000ff600000| Untracked |  0
| 503|0x00000000ff700000, 0x00000000ff800000, 0x00000000ff800000|100%| O|  |TAMS 0x00000000ff700000| PB 0x00000000ff700000| Untracked |  0
| 504|0x00000000ff800000, 0x00000000ff900000, 0x00000000ff900000|100%| O|  |TAMS 0x00000000ff800000| PB 0x00000000ff800000| Untracked |  0
| 505|0x00000000ff900000, 0x00000000ffa00000, 0x00000000ffa00000|100%| O|  |TAMS 0x00000000ff900000| PB 0x00000000ff900000| Untracked |  0
| 506|0x00000000ffa00000, 0x00000000ffb00000, 0x00000000ffb00000|100%| O|  |TAMS 0x00000000ffa00000| PB 0x00000000ffa00000| Untracked |  0
| 507|0x00000000ffb00000, 0x00000000ffc00000, 0x00000000ffc00000|100%| O|  |TAMS 0x00000000ffb00000| PB 0x00000000ffb00000| Untracked |  0
| 508|0x00000000ffc00000, 0x00000000ffd00000, 0x00000000ffd00000|100%| O|  |TAMS 0x00000000ffc00000| PB 0x00000000ffc00000| Untracked |  0
| 509|0x00000000ffd00000, 0x00000000ffe00000, 0x00000000ffe00000|100%| O|  |TAMS 0x00000000ffd00000| PB 0x00000000ffd00000| Untracked |  0
| 510|0x00000000ffe00000, 0x00000000fff00000, 0x00000000fff00000|100%| O|  |TAMS 0x00000000ffe00000| PB 0x00000000ffe00000| Untracked |  0
| 511|0x00000000fff00000, 0x0000000100000000, 0x0000000100000000|100%| E|CS|TAMS 0x00000000fff00000| PB 0x00000000fff00000| Complete |  0

Card table byte_map: [0x000001457aba0000,0x000001457aca0000] _byte_map_base: 0x000001457a4a0000

Marking Bits: (CMBitMap*) 0x0000014562606f90
 Bits: [0x000001457aca0000, 0x000001457b4a0000)

Polling page: 0x0000014560590000

Metaspace:
Metaspace        used 64885K, committed 66368K, reserved 393216K
 class space     used 9229K, committed 9920K, reserved 327680K

Usage:
  Non-class:     54.35 MB used.
      Class:      9.01 MB used.
       Both:     63.36 MB used.

Virtual space:
  Non-class space:       64.00 MB reserved,      55.12 MB ( 86%) committed,  1 nodes.
      Class space:      320.00 MB reserved,       9.69 MB (  3%) committed,  1 nodes.
             Both:      384.00 MB reserved,      64.81 MB ( 17%) committed. 

Chunk freelists:
   Non-Class:  8.34 MB
       Class:  6.27 MB
        Both:  14.61 MB

MaxMetaspaceSize: 384.00 MB
CompressedClassSpaceSize: 320.00 MB
Initial GC threshold: 21.00 MB
Current GC threshold: 100.31 MB
CDS: on
 - commit_granule_bytes: 65536.
 - commit_granule_words: 8192.
 - virtual_space_node_default_size: 8388608.
 - enlarge_chunks_in_place: 1.
UseCompressedClassPointers 1, UseCompactObjectHeaders 0
Narrow klass pointer bits 32, Max shift 3
Narrow klass base: 0x0000000096000000, Narrow klass shift: 0
Encoding Range: [0x0000000096000000 - 0x0000000196000000), (4294967296 bytes)
Klass Range:    [0x0000000096010000 - 0x00000000ab000000), (352256000 bytes)
Klass ID Range:  [65536 - 352321529) (352255993)
Protection zone: [0x0000000096000000 - 0x0000000096010000), (65536 bytes)


Internal statistics:

num_allocs_failed_limit: 15.
num_arena_births: 2576.
num_arena_deaths: 0.
num_vsnodes_births: 2.
num_vsnodes_deaths: 0.
num_space_committed: 1037.
num_space_uncommitted: 0.
num_chunks_returned_to_freelist: 15.
num_chunks_taken_from_freelist: 5214.
num_chunk_merges: 15.
num_chunk_splits: 3660.
num_chunks_enlarged: 2586.
num_inconsistent_stats: 0.

CodeHeap 'non-profiled nmethods': size=119168Kb used=7187Kb max_used=7187Kb free=111980Kb
 bounds [0x0000014572c80000, 0x0000014573390000, 0x000001457a0e0000]
CodeHeap 'profiled nmethods': size=119168Kb used=14200Kb max_used=14386Kb free=104967Kb
 bounds [0x000001456b0d0000, 0x000001456bef0000, 0x0000014572530000]
CodeHeap 'non-nmethods': size=7488Kb used=3864Kb max_used=4047Kb free=3623Kb
 bounds [0x0000014572530000, 0x0000014572960000, 0x0000014572c80000]
CodeCache: size=245824Kb, used=25251Kb, max_used=25620Kb, free=220570Kb
 total_blobs=9031, nmethods=8206, adapters=724, full_count=0
Compilation: enabled, stopped_count=0, restarted_count=0

Compilation events (20 events):
Event: 20.612 Thread 0x000001457e3f5530 nmethod 8862 0x0000014572dbb488 code [0x0000014572dbb580, 0x0000014572dbb618]
Event: 20.612 Thread 0x000001457e3f5530 8863       4       org.jetbrains.kotlin.metadata.ProtoBuf$Function::hasContract (20 bytes)
Event: 20.612 Thread 0x000001457e3f5530 nmethod 8863 0x0000014572dbb188 code [0x0000014572dbb280, 0x0000014572dbb308]
Event: 20.612 Thread 0x000001457e3f5530 8864       4       org.jetbrains.kotlin.metadata.ProtoBuf$Function::getCompilerPluginDataCount (10 bytes)
Event: 20.613 Thread 0x000001457e3f5530 nmethod 8864 0x0000014572dbae88 code [0x0000014572dbaf80, 0x0000014572dbb030]
Event: 20.613 Thread 0x000001457e3f5530 8865       4       org.jetbrains.kotlin.metadata.ProtoBuf$Function::getAnnotationCount (10 bytes)
Event: 20.614 Thread 0x000001457e3f5530 nmethod 8865 0x0000014572dbab88 code [0x0000014572dbac80, 0x0000014572dbad30]
Event: 20.614 Thread 0x000001457e3f5530 8866       4       org.jetbrains.kotlin.metadata.ProtoBuf$Function::getExtensionReceiverAnnotationCount (10 bytes)
Event: 20.614 Thread 0x000001457e3f5530 nmethod 8866 0x0000014572dba888 code [0x0000014572dba980, 0x0000014572dbaa30]
Event: 20.622 Thread 0x000001450b361580 nmethod 8852 0x0000014572db5508 code [0x0000014572db5600, 0x0000014572dba7e8]
Event: 20.628 Thread 0x000001450458ec50 8968       1       org.jetbrains.kotlin.util.ArrayMapImpl::getSize (5 bytes)
Event: 20.628 Thread 0x000001450458c400 8969       1       org.jetbrains.kotlin.util.ComponentArrayOwner::getArrayMap (5 bytes)
Event: 20.628 Thread 0x000001450458ec50 nmethod 8968 0x0000014572db5208 code [0x0000014572db5300, 0x0000014572db53c8]
Event: 20.628 Thread 0x000001450458c400 nmethod 8969 0x0000014572db4f08 code [0x0000014572db5000, 0x0000014572db50c8]
Event: 20.674 Thread 0x000001457e3f5530 8970       4       jdk.internal.classfile.impl.AbstractPoolEntry$AbstractRefEntry::<init> (24 bytes)
Event: 20.675 Thread 0x000001457e3f5530 nmethod 8970 0x0000014572db4a88 code [0x0000014572db4b80, 0x0000014572db4ea0]
Event: 20.701 Thread 0x000001450b361580 8971       4       kotlin.collections.SetsKt__SetsKt::emptySet (7 bytes)
Event: 20.701 Thread 0x000001450b361580 nmethod 8971 0x0000014572db4788 code [0x0000014572db4880, 0x0000014572db48f0]
Event: 20.721 Thread 0x000001450b3645e0 nmethod 8874 0x0000014573382388 code [0x0000014573382480, 0x0000014573386520]
Event: 20.793 Thread 0x000001450b361580 8972       4       java.util.jar.JarFile::getVersionedEntry (114 bytes)

GC Heap Usage History (20 events):
Event: 16.265 {heap Before GC invocations=54 (full 0):
 garbage-first heap   total reserved 524288K, committed 262144K, used 246841K [0x00000000e0000000, 0x0000000100000000)
  region size 1024K, 147 young (150528K), 12 survivors (12288K)
}
Event: 16.269 {heap After GC invocations=55 (full 0):
 garbage-first heap   total reserved 524288K, committed 263168K, used 111546K [0x00000000e0000000, 0x0000000100000000)
  region size 1024K, 13 young (13312K), 13 survivors (13312K)
}
Event: 16.364 {heap Before GC invocations=55 (full 0):
 garbage-first heap   total reserved 524288K, committed 263168K, used 247738K [0x00000000e0000000, 0x0000000100000000)
  region size 1024K, 146 young (149504K), 13 survivors (13312K)
}
Event: 16.368 {heap After GC invocations=56 (full 0):
 garbage-first heap   total reserved 524288K, committed 263168K, used 113252K [0x00000000e0000000, 0x0000000100000000)
  region size 1024K, 11 young (11264K), 11 survivors (11264K)
}
Event: 16.517 {heap Before GC invocations=56 (full 0):
 garbage-first heap   total reserved 524288K, committed 263168K, used 248420K [0x00000000e0000000, 0x0000000100000000)
  region size 1024K, 143 young (146432K), 11 survivors (11264K)
}
Event: 16.522 {heap After GC invocations=57 (full 0):
 garbage-first heap   total reserved 524288K, committed 263168K, used 114618K [0x00000000e0000000, 0x0000000100000000)
  region size 1024K, 11 young (11264K), 11 survivors (11264K)
}
Event: 16.683 {heap Before GC invocations=57 (full 0):
 garbage-first heap   total reserved 524288K, committed 263168K, used 247738K [0x00000000e0000000, 0x0000000100000000)
  region size 1024K, 141 young (144384K), 11 survivors (11264K)
}
Event: 16.686 {heap After GC invocations=58 (full 0):
 garbage-first heap   total reserved 524288K, committed 263168K, used 116251K [0x00000000e0000000, 0x0000000100000000)
  region size 1024K, 11 young (11264K), 11 survivors (11264K)
}
Event: 16.889 {heap Before GC invocations=58 (full 0):
 garbage-first heap   total reserved 524288K, committed 263168K, used 251419K [0x00000000e0000000, 0x0000000100000000)
  region size 1024K, 140 young (143360K), 11 survivors (11264K)
}
Event: 16.895 {heap After GC invocations=59 (full 0):
 garbage-first heap   total reserved 524288K, committed 271360K, used 116294K [0x00000000e0000000, 0x0000000100000000)
  region size 1024K, 16 young (16384K), 16 survivors (16384K)
}
Event: 17.052 {heap Before GC invocations=59 (full 0):
 garbage-first heap   total reserved 524288K, committed 271360K, used 264774K [0x00000000e0000000, 0x0000000100000000)
  region size 1024K, 153 young (156672K), 16 survivors (16384K)
}
Event: 17.055 {heap After GC invocations=60 (full 0):
 garbage-first heap   total reserved 524288K, committed 278528K, used 113051K [0x00000000e0000000, 0x0000000100000000)
  region size 1024K, 9 young (9216K), 9 survivors (9216K)
}
Event: 17.392 {heap Before GC invocations=60 (full 0):
 garbage-first heap   total reserved 524288K, committed 278528K, used 263579K [0x00000000e0000000, 0x0000000100000000)
  region size 1024K, 155 young (158720K), 9 survivors (9216K)
}
Event: 17.396 {heap After GC invocations=61 (full 0):
 garbage-first heap   total reserved 524288K, committed 278528K, used 112725K [0x00000000e0000000, 0x0000000100000000)
  region size 1024K, 9 young (9216K), 9 survivors (9216K)
}
Event: 17.643 {heap Before GC invocations=61 (full 0):
 garbage-first heap   total reserved 524288K, committed 278528K, used 262229K [0x00000000e0000000, 0x0000000100000000)
  region size 1024K, 155 young (158720K), 9 survivors (9216K)
}
Event: 17.646 {heap After GC invocations=62 (full 0):
 garbage-first heap   total reserved 524288K, committed 278528K, used 114628K [0x00000000e0000000, 0x0000000100000000)
  region size 1024K, 11 young (11264K), 11 survivors (11264K)
}
Event: 17.987 {heap Before GC invocations=62 (full 0):
 garbage-first heap   total reserved 524288K, committed 278528K, used 262084K [0x00000000e0000000, 0x0000000100000000)
  region size 1024K, 155 young (158720K), 11 survivors (11264K)
}
Event: 17.990 {heap After GC invocations=63 (full 0):
 garbage-first heap   total reserved 524288K, committed 278528K, used 112365K [0x00000000e0000000, 0x0000000100000000)
  region size 1024K, 8 young (8192K), 8 survivors (8192K)
}
Event: 19.958 {heap Before GC invocations=63 (full 0):
 garbage-first heap   total reserved 524288K, committed 278528K, used 260845K [0x00000000e0000000, 0x0000000100000000)
  region size 1024K, 154 young (157696K), 8 survivors (8192K)
}
Event: 19.970 {heap After GC invocations=64 (full 0):
 garbage-first heap   total reserved 524288K, committed 289792K, used 131652K [0x00000000e0000000, 0x0000000100000000)
  region size 1024K, 20 young (20480K), 20 survivors (20480K)
}

Metaspace Usage History (20 events):
Event: 16.265 {metaspace Before GC invocations=54 (full 0):
 Metaspace       used 40805K, committed 42176K, reserved 393216K
  class space    used 5750K, committed 6400K, reserved 327680K
}
Event: 16.269 {metaspace After GC invocations=55 (full 0):
 Metaspace       used 40805K, committed 42176K, reserved 393216K
  class space    used 5750K, committed 6400K, reserved 327680K
}
Event: 16.364 {metaspace Before GC invocations=55 (full 0):
 Metaspace       used 40809K, committed 42176K, reserved 393216K
  class space    used 5750K, committed 6400K, reserved 327680K
}
Event: 16.368 {metaspace After GC invocations=56 (full 0):
 Metaspace       used 40809K, committed 42176K, reserved 393216K
  class space    used 5750K, committed 6400K, reserved 327680K
}
Event: 16.517 {metaspace Before GC invocations=56 (full 0):
 Metaspace       used 40809K, committed 42176K, reserved 393216K
  class space    used 5750K, committed 6400K, reserved 327680K
}
Event: 16.522 {metaspace After GC invocations=57 (full 0):
 Metaspace       used 40809K, committed 42176K, reserved 393216K
  class space    used 5750K, committed 6400K, reserved 327680K
}
Event: 16.683 {metaspace Before GC invocations=57 (full 0):
 Metaspace       used 40809K, committed 42176K, reserved 393216K
  class space    used 5750K, committed 6400K, reserved 327680K
}
Event: 16.686 {metaspace After GC invocations=58 (full 0):
 Metaspace       used 40809K, committed 42176K, reserved 393216K
  class space    used 5750K, committed 6400K, reserved 327680K
}
Event: 16.889 {metaspace Before GC invocations=58 (full 0):
 Metaspace       used 40852K, committed 42240K, reserved 393216K
  class space    used 5758K, committed 6400K, reserved 327680K
}
Event: 16.895 {metaspace After GC invocations=59 (full 0):
 Metaspace       used 40852K, committed 42240K, reserved 393216K
  class space    used 5758K, committed 6400K, reserved 327680K
}
Event: 17.052 {metaspace Before GC invocations=59 (full 0):
 Metaspace       used 40855K, committed 42240K, reserved 393216K
  class space    used 5758K, committed 6400K, reserved 327680K
}
Event: 17.055 {metaspace After GC invocations=60 (full 0):
 Metaspace       used 40855K, committed 42240K, reserved 393216K
  class space    used 5758K, committed 6400K, reserved 327680K
}
Event: 17.392 {metaspace Before GC invocations=60 (full 0):
 Metaspace       used 40926K, committed 42304K, reserved 393216K
  class space    used 5758K, committed 6400K, reserved 327680K
}
Event: 17.396 {metaspace After GC invocations=61 (full 0):
 Metaspace       used 40926K, committed 42304K, reserved 393216K
  class space    used 5758K, committed 6400K, reserved 327680K
}
Event: 17.643 {metaspace Before GC invocations=61 (full 0):
 Metaspace       used 40944K, committed 42304K, reserved 393216K
  class space    used 5758K, committed 6400K, reserved 327680K
}
Event: 17.646 {metaspace After GC invocations=62 (full 0):
 Metaspace       used 40944K, committed 42304K, reserved 393216K
  class space    used 5758K, committed 6400K, reserved 327680K
}
Event: 17.987 {metaspace Before GC invocations=62 (full 0):
 Metaspace       used 42240K, committed 43584K, reserved 393216K
  class space    used 5958K, committed 6592K, reserved 327680K
}
Event: 17.990 {metaspace After GC invocations=63 (full 0):
 Metaspace       used 42240K, committed 43584K, reserved 393216K
  class space    used 5958K, committed 6592K, reserved 327680K
}
Event: 19.958 {metaspace Before GC invocations=63 (full 0):
 Metaspace       used 59909K, committed 61376K, reserved 393216K
  class space    used 8642K, committed 9344K, reserved 327680K
}
Event: 19.970 {metaspace After GC invocations=64 (full 0):
 Metaspace       used 59909K, committed 61376K, reserved 393216K
  class space    used 8642K, committed 9344K, reserved 327680K
}

Dll operation events (14 events):
Event: 0.018 Loaded shared library C:\Program Files\Eclipse Adoptium\jdk-25.0.3.9-hotspot\bin\java.dll
Event: 0.085 Loaded shared library C:\Program Files\Eclipse Adoptium\jdk-25.0.3.9-hotspot\bin\zip.dll
Event: 0.090 Loaded shared library C:\Program Files\Eclipse Adoptium\jdk-25.0.3.9-hotspot\bin\instrument.dll
Event: 0.095 Loaded shared library C:\Program Files\Eclipse Adoptium\jdk-25.0.3.9-hotspot\bin\net.dll
Event: 0.097 Loaded shared library C:\Program Files\Eclipse Adoptium\jdk-25.0.3.9-hotspot\bin\nio.dll
Event: 0.101 Loaded shared library C:\Program Files\Eclipse Adoptium\jdk-25.0.3.9-hotspot\bin\zip.dll
Event: 0.410 Loaded shared library C:\Program Files\Eclipse Adoptium\jdk-25.0.3.9-hotspot\bin\jimage.dll
Event: 0.709 Loaded shared library C:\Program Files\Eclipse Adoptium\jdk-25.0.3.9-hotspot\bin\verify.dll
Event: 0.737 Loaded shared library C:\Users\kdcho\.gradle\native\1def1411415f61bf3af743bc5b6707747c0891f09f0c88961ee8f79bc544acac\windows-amd64\native-platform.dll
Event: 0.751 Loaded shared library C:\Users\kdcho\.gradle\native\0.2.8\x86_64-windows-gnu\gradle-fileevents.dll
Event: 2.110 Loaded shared library C:\Program Files\Eclipse Adoptium\jdk-25.0.3.9-hotspot\bin\management.dll
Event: 2.111 Loaded shared library C:\Program Files\Eclipse Adoptium\jdk-25.0.3.9-hotspot\bin\management_ext.dll
Event: 2.275 Loaded shared library C:\Program Files\Eclipse Adoptium\jdk-25.0.3.9-hotspot\bin\extnet.dll
Event: 2.471 Loaded shared library C:\Program Files\Eclipse Adoptium\jdk-25.0.3.9-hotspot\bin\sunmscapi.dll

Deoptimization events (20 events):
Event: 20.445 Thread 0x000001450457b810 Uncommon trap: trap_request=0xffffff45 fr.pc=0x0000014573259af8 relative=0x0000000000000978
Event: 20.445 Thread 0x000001450457b810 Uncommon trap: reason=unstable_if action=reinterpret pc=0x0000014573259af8 method=org.jetbrains.kotlin.metadata.ProtoBuf$Property.hasReturnType()Z @ 9 c2
Event: 20.445 Thread 0x000001450457b810 DEOPT PACKING pc=0x0000014573259af8 sp=0x00000045608f4bd0
Event: 20.445 Thread 0x000001450457b810 DEOPT UNPACKING pc=0x0000014572660d02 sp=0x00000045608f4b18 mode 2
Event: 20.445 Thread 0x000001450457b810 Uncommon trap: trap_request=0xffffffc6 fr.pc=0x00000145731ed39c relative=0x000000000000031c
Event: 20.445 Thread 0x000001450457b810 Uncommon trap: reason=bimorphic_or_optimized_type_check action=maybe_recompile pc=0x00000145731ed39c method=org.jetbrains.kotlin.protobuf.FieldSet.isInitialized(Ljava/util/Map$Entry;)Z @ 102 c2
Event: 20.445 Thread 0x000001450457b810 DEOPT PACKING pc=0x00000145731ed39c sp=0x00000045608f4b40
Event: 20.445 Thread 0x000001450457b810 DEOPT UNPACKING pc=0x0000014572660d02 sp=0x00000045608f4ab8 mode 2
Event: 20.445 Thread 0x000001450457b810 Uncommon trap: trap_request=0xffffffc6 fr.pc=0x00000145731ed39c relative=0x000000000000031c
Event: 20.445 Thread 0x000001450457b810 Uncommon trap: reason=bimorphic_or_optimized_type_check action=maybe_recompile pc=0x00000145731ed39c method=org.jetbrains.kotlin.protobuf.FieldSet.isInitialized(Ljava/util/Map$Entry;)Z @ 102 c2
Event: 20.445 Thread 0x000001450457b810 DEOPT PACKING pc=0x00000145731ed39c sp=0x00000045608f4b40
Event: 20.445 Thread 0x000001450457b810 DEOPT UNPACKING pc=0x0000014572660d02 sp=0x00000045608f4ab8 mode 2
Event: 20.445 Thread 0x000001450457b810 Uncommon trap: trap_request=0xffffffc6 fr.pc=0x00000145731ed39c relative=0x000000000000031c
Event: 20.445 Thread 0x000001450457b810 Uncommon trap: reason=bimorphic_or_optimized_type_check action=maybe_recompile pc=0x00000145731ed39c method=org.jetbrains.kotlin.protobuf.FieldSet.isInitialized(Ljava/util/Map$Entry;)Z @ 102 c2
Event: 20.445 Thread 0x000001450457b810 DEOPT PACKING pc=0x00000145731ed39c sp=0x00000045608f4b40
Event: 20.445 Thread 0x000001450457b810 DEOPT UNPACKING pc=0x0000014572660d02 sp=0x00000045608f4ab8 mode 2
Event: 20.445 Thread 0x000001450457b810 Uncommon trap: trap_request=0xffffffc6 fr.pc=0x00000145731ed39c relative=0x000000000000031c
Event: 20.445 Thread 0x000001450457b810 Uncommon trap: reason=bimorphic_or_optimized_type_check action=maybe_recompile pc=0x00000145731ed39c method=org.jetbrains.kotlin.protobuf.FieldSet.isInitialized(Ljava/util/Map$Entry;)Z @ 102 c2
Event: 20.445 Thread 0x000001450457b810 DEOPT PACKING pc=0x00000145731ed39c sp=0x00000045608f4b40
Event: 20.445 Thread 0x000001450457b810 DEOPT UNPACKING pc=0x0000014572660d02 sp=0x00000045608f4ab8 mode 2

Classes loaded (20 events):
Event: 19.226 Loading class java/util/PrimitiveIterator$OfInt
Event: 19.226 Loading class java/util/PrimitiveIterator
Event: 19.226 Loading class java/util/PrimitiveIterator done
Event: 19.226 Loading class java/util/PrimitiveIterator$OfInt done
Event: 19.325 Loading class java/beans/PropertyChangeSupport
Event: 19.325 Loading class java/beans/PropertyChangeSupport done
Event: 19.325 Loading class java/beans/PropertyChangeSupport$PropertyChangeListenerMap
Event: 19.325 Loading class java/beans/ChangeListenerMap
Event: 19.325 Loading class java/beans/ChangeListenerMap done
Event: 19.325 Loading class java/beans/PropertyChangeSupport$PropertyChangeListenerMap done
Event: 19.326 Loading class java/beans/PropertyChangeListener
Event: 19.326 Loading class java/beans/PropertyChangeListener done
Event: 19.503 Loading class java/util/regex/Pattern$Bound
Event: 19.503 Loading class java/util/regex/Pattern$Bound done
Event: 19.504 Loading class java/util/regex/Pattern$LookBehindEndNode
Event: 19.504 Loading class java/util/regex/Pattern$LookBehindEndNode done
Event: 19.504 Loading class java/util/regex/Pattern$NotBehind
Event: 19.504 Loading class java/util/regex/Pattern$NotBehind done
Event: 20.374 Loading class java/io/NotSerializableException
Event: 20.374 Loading class java/io/NotSerializableException done

Classes unloaded (0 events):
No events

Classes redefined (0 events):
No events

Internal exceptions (20 events):
Event: 18.455 Thread 0x000001450457b810 Exception <a 'java/lang/NoSuchMethodError'{0x00000000ef17dab0}: 'int java.lang.invoke.DelegatingMethodHandle$Holder.reinvoke_L(java.lang.Object, java.lang.Object, java.lang.Object, long, java.lang.Object, java.lang.Object)'> (0x00000000ef17dab0) 
thrown [s\src\hotspot\share\interpreter\linkResolver.cpp, line 804]
Event: 18.456 Thread 0x000001450457b810 Exception <a 'java/lang/NoSuchMethodError'{0x00000000ef19fea0}: 'int java.lang.invoke.DelegatingMethodHandle$Holder.reinvoke_L(java.lang.Object, java.lang.Object, java.lang.Object, long, int, int)'> (0x00000000ef19fea0) 
thrown [s\src\hotspot\share\interpreter\linkResolver.cpp, line 804]
Event: 18.457 Thread 0x000001450457b810 Exception <a 'java/lang/NoSuchMethodError'{0x00000000ef1c1c58}: 'int java.lang.invoke.DelegatingMethodHandle$Holder.reinvoke_L(java.lang.Object, java.lang.Object, java.lang.Object, long, long, long)'> (0x00000000ef1c1c58) 
thrown [s\src\hotspot\share\interpreter\linkResolver.cpp, line 804]
Event: 18.457 Thread 0x000001450457b810 Exception <a 'java/lang/NoSuchMethodError'{0x00000000ef1e3818}: 'int java.lang.invoke.DelegatingMethodHandle$Holder.reinvoke_L(java.lang.Object, java.lang.Object, java.lang.Object, long, int)'> (0x00000000ef1e3818) 
thrown [s\src\hotspot\share\interpreter\linkResolver.cpp, line 804]
Event: 18.458 Thread 0x000001450457b810 Exception <a 'java/lang/NoSuchMethodError'{0x00000000ef0069c8}: 'long java.lang.invoke.DelegatingMethodHandle$Holder.reinvoke_L(java.lang.Object, java.lang.Object, java.lang.Object)'> (0x00000000ef0069c8) 
thrown [s\src\hotspot\share\interpreter\linkResolver.cpp, line 804]
Event: 18.458 Thread 0x000001450457b810 Exception <a 'java/lang/NoSuchMethodError'{0x00000000ef0310a8}: 'void java.lang.invoke.DelegatingMethodHandle$Holder.reinvoke_L(java.lang.Object, java.lang.Object, java.lang.Object, long, java.lang.Object, long, long)'> (0x00000000ef0310a8) 
thrown [s\src\hotspot\share\interpreter\linkResolver.cpp, line 804]
Event: 18.459 Thread 0x000001450457b810 Exception <a 'java/lang/NoSuchMethodError'{0x00000000ef042ac0}: 'long java.lang.invoke.Invokers$Holder.invokeExact_MT(java.lang.Object, java.lang.Object, java.lang.Object)'> (0x00000000ef042ac0) 
thrown [s\src\hotspot\share\interpreter\linkResolver.cpp, line 804]
Event: 18.465 Thread 0x000001450457b810 Exception <a 'java/lang/NoSuchMethodError'{0x00000000ef071720}: 'int java.lang.invoke.Invokers$Holder.invokeExact_MT(java.lang.Object, java.lang.Object, java.lang.Object)'> (0x00000000ef071720) 
thrown [s\src\hotspot\share\interpreter\linkResolver.cpp, line 804]
Event: 18.521 Thread 0x000001450457b810 Exception <a 'java/lang/NoSuchMethodError'{0x00000000eed50498}: 'java.lang.Object java.lang.invoke.DirectMethodHandle$Holder.invokeStatic(java.lang.Object, java.lang.Object, int, java.lang.Object, int)'> (0x00000000eed50498) 
thrown [s\src\hotspot\share\interpreter\linkResolver.cpp, line 804]
Event: 19.011 Thread 0x000001450457b810 Implicit null exception at 0x0000014572d94198 to 0x0000014572d944c4
Event: 19.013 Thread 0x000001450457b810 Exception <a 'java/lang/NoSuchMethodError'{0x00000000ecffdb18}: 'java.lang.Object java.lang.invoke.DirectMethodHandle$Holder.invokeStatic(java.lang.Object, java.lang.Object, java.lang.Object, java.lang.Object, int)'> (0x00000000ecffdb18) 
thrown [s\src\hotspot\share\interpreter\linkResolver.cpp, line 804]
Event: 19.014 Thread 0x000001450457b810 Exception <a 'java/lang/NoSuchMethodError'{0x00000000ece10748}: 'long java.lang.invoke.DirectMethodHandle$Holder.invokeStatic(java.lang.Object, java.lang.Object, int)'> (0x00000000ece10748) 
thrown [s\src\hotspot\share\interpreter\linkResolver.cpp, line 804]
Event: 19.014 Thread 0x000001450457b810 Exception <a 'java/lang/NoSuchMethodError'{0x00000000ece221b0}: 'long java.lang.invoke.DelegatingMethodHandle$Holder.reinvoke_L(java.lang.Object, java.lang.Object, int)'> (0x00000000ece221b0) 
thrown [s\src\hotspot\share\interpreter\linkResolver.cpp, line 804]
Event: 19.015 Thread 0x000001450457b810 Exception <a 'java/lang/NoSuchMethodError'{0x00000000ece3bee0}: 'java.lang.Object java.lang.invoke.DelegatingMethodHandle$Holder.reinvoke_L(java.lang.Object, int, long, java.lang.Object, java.lang.Object, int, java.lang.Object)'> (0x00000000ece3bee0) 
thrown [s\src\hotspot\share\interpreter\linkResolver.cpp, line 804]
Event: 19.280 Thread 0x000001450457b810 Exception <a 'java/lang/NoSuchMethodError'{0x00000000ebe3c860}: 'java.lang.Object java.lang.invoke.Invokers$Holder.invokeExact_MT(java.lang.Object, java.lang.Object, long, java.lang.Object)'> (0x00000000ebe3c860) 
thrown [s\src\hotspot\share\interpreter\linkResolver.cpp, line 804]
Event: 19.336 Thread 0x000001450457b810 Exception <a 'java/lang/NoSuchMethodError'{0x00000000eb804200}: 'java.lang.Object java.lang.invoke.DirectMethodHandle$Holder.invokeStatic(java.lang.Object, java.lang.Object, long, long)'> (0x00000000eb804200) 
thrown [s\src\hotspot\share\interpreter\linkResolver.cpp, line 804]
Event: 19.343 Thread 0x000001450457b810 Exception <a 'java/lang/NoSuchMethodError'{0x00000000eb865b28}: 'java.lang.Object java.lang.invoke.DirectMethodHandle$Holder.newInvokeSpecial(java.lang.Object, java.lang.Object, java.lang.Object, long)'> (0x00000000eb865b28) 
thrown [s\src\hotspot\share\interpreter\linkResolver.cpp, line 804]
Event: 19.344 Thread 0x000001450457b810 Exception <a 'java/lang/NoSuchMethodError'{0x00000000eb86f320}: 'java.lang.Object java.lang.invoke.Invokers$Holder.linkToTargetMethod(java.lang.Object, java.lang.Object, long, java.lang.Object)'> (0x00000000eb86f320) 
thrown [s\src\hotspot\share\interpreter\linkResolver.cpp, line 804]
Event: 19.437 Thread 0x000001450457b810 Implicit null exception at 0x0000014573363984 to 0x0000014573363d84
Event: 19.444 Thread 0x000001450457b810 Implicit null exception at 0x000001457336924f to 0x0000014573369414

VM Operations (20 events):
Event: 19.107 Executing non-safepoint VM operation: HandshakeAllThreads (Deoptimize)
Event: 19.107 Executing non-safepoint VM operation: HandshakeAllThreads (Deoptimize) done
Event: 19.160 Executing non-safepoint VM operation: HandshakeAllThreads (Deoptimize)
Event: 19.160 Executing non-safepoint VM operation: HandshakeAllThreads (Deoptimize) done
Event: 19.232 Executing non-safepoint VM operation: HandshakeAllThreads (Deoptimize)
Event: 19.232 Executing non-safepoint VM operation: HandshakeAllThreads (Deoptimize) done
Event: 19.321 Executing non-safepoint VM operation: HandshakeAllThreads (Deoptimize)
Event: 19.321 Executing non-safepoint VM operation: HandshakeAllThreads (Deoptimize) done
Event: 19.409 Executing non-safepoint VM operation: HandshakeAllThreads (Deoptimize)
Event: 19.410 Executing non-safepoint VM operation: HandshakeAllThreads (Deoptimize) done
Event: 19.696 Executing non-safepoint VM operation: HandshakeAllThreads (Deoptimize)
Event: 19.696 Executing non-safepoint VM operation: HandshakeAllThreads (Deoptimize) done
Event: 19.958 Executing safepoint VM operation: CollectForMetadataAllocation (Metadata GC Threshold)
Event: 19.970 Executing safepoint VM operation: CollectForMetadataAllocation (Metadata GC Threshold) done
Event: 20.021 Executing safepoint VM operation: G1PauseRemark
Event: 20.026 Executing safepoint VM operation: G1PauseRemark done
Event: 20.045 Executing safepoint VM operation: G1PauseCleanup
Event: 20.045 Executing safepoint VM operation: G1PauseCleanup done
Event: 20.428 Executing non-safepoint VM operation: HandshakeAllThreads (Deoptimize)
Event: 20.429 Executing non-safepoint VM operation: HandshakeAllThreads (Deoptimize) done

Memory protections (0 events):
No events

Nmethod flushes (20 events):
Event: 20.024 Thread 0x000001457e3bbf70 flushing  nmethod 0x000001456b167b88
Event: 20.024 Thread 0x000001457e3bbf70 flushing  nmethod 0x000001456b1f1788
Event: 20.024 Thread 0x000001457e3bbf70 flushing  nmethod 0x000001456b245688
Event: 20.024 Thread 0x000001457e3bbf70 flushing  nmethod 0x000001456b249a88
Event: 20.024 Thread 0x000001457e3bbf70 flushing  nmethod 0x000001456b24a388
Event: 20.024 Thread 0x000001457e3bbf70 flushing  nmethod 0x000001456b293488
Event: 20.024 Thread 0x000001457e3bbf70 flushing  nmethod 0x000001456b294088
Event: 20.024 Thread 0x000001457e3bbf70 flushing  nmethod 0x000001456b298788
Event: 20.024 Thread 0x000001457e3bbf70 flushing  nmethod 0x000001456b299e88
Event: 20.024 Thread 0x000001457e3bbf70 flushing  nmethod 0x000001456b29a788
Event: 20.024 Thread 0x000001457e3bbf70 flushing  nmethod 0x000001456b302c88
Event: 20.024 Thread 0x000001457e3bbf70 flushing  nmethod 0x000001456b45be88
Event: 20.024 Thread 0x000001457e3bbf70 flushing  nmethod 0x000001456b555608
Event: 20.024 Thread 0x000001457e3bbf70 flushing  nmethod 0x000001456b557288
Event: 20.024 Thread 0x000001457e3bbf70 flushing  nmethod 0x000001456b560f88
Event: 20.024 Thread 0x000001457e3bbf70 flushing  nmethod 0x000001456b561a88
Event: 20.024 Thread 0x000001457e3bbf70 flushing  nmethod 0x000001456b561e08
Event: 20.024 Thread 0x000001457e3bbf70 flushing  nmethod 0x000001456b5b7f08
Event: 20.024 Thread 0x000001457e3bbf70 flushing  nmethod 0x000001456b685508
Event: 20.024 Thread 0x000001457e3bbf70 flushing  nmethod 0x000001456b7d6b88

Events (20 events):
Event: 13.855 Thread 0x000001450458bbf0 Thread added: 0x0000014504590480
Event: 14.120 Thread 0x000001450458ec50 Thread added: 0x000001457e3f7d80
Event: 14.748 Thread 0x0000014504590480 Thread exited: 0x0000014504590480
Event: 14.802 Thread 0x00000145045914a0 Thread added: 0x000001457e3f5d40
Event: 16.380 Thread 0x000001457e3f5d40 Thread exited: 0x000001457e3f5d40
Event: 16.712 Thread 0x00000145045914a0 Thread exited: 0x00000145045914a0
Event: 17.125 Thread 0x000001457e3f7d80 Thread added: 0x00000145045914a0
Event: 17.136 Thread 0x000001457e3f4510 Thread added: 0x0000014504592cd0
Event: 18.255 Thread 0x0000014504592cd0 Thread exited: 0x0000014504592cd0
Event: 18.382 Thread 0x00000145045914a0 Thread exited: 0x00000145045914a0
Event: 18.630 Thread 0x000001450458bbf0 Thread exited: 0x000001450458bbf0
Event: 18.683 Thread 0x0000014504585320 Thread exited: 0x0000014504585320
Event: 19.044 Thread 0x000001457e3f4510 Thread added: 0x0000014504585320
Event: 19.364 Thread 0x0000014504585320 Thread added: 0x0000014504592cd0
Event: 19.364 Thread 0x0000014504585320 Thread added: 0x000001450b3625a0
Event: 19.714 Thread 0x000001450b3625a0 Thread exited: 0x000001450b3625a0
Event: 19.844 Thread 0x0000014504592cd0 Thread exited: 0x0000014504592cd0
Event: 19.844 Thread 0x0000014504585320 Thread exited: 0x0000014504585320
Event: 20.442 Thread 0x000001457e3f5530 Thread added: 0x000001450b3645e0
Event: 20.446 Thread 0x000001457e3f4510 Thread added: 0x000001450b361580


Dynamic libraries:
0x00007ff6c02a0000 - 0x00007ff6c02ae000 	C:\Program Files\Eclipse Adoptium\jdk-25.0.3.9-hotspot\bin\java.exe
0x00007ffa42fc0000 - 0x00007ffa43226000 	C:\WINDOWS\SYSTEM32\ntdll.dll
0x00007ffa40f40000 - 0x00007ffa41009000 	C:\WINDOWS\System32\KERNEL32.DLL
0x00007ffa40700000 - 0x00007ffa40afa000 	C:\WINDOWS\System32\KERNELBASE.dll
0x00007ffa403d0000 - 0x00007ffa4051c000 	C:\WINDOWS\System32\ucrtbase.dll
0x00007ff9e04b0000 - 0x00007ff9e04c6000 	C:\Program Files\Eclipse Adoptium\jdk-25.0.3.9-hotspot\bin\jli.dll
0x00007ff9e3740000 - 0x00007ff9e375e000 	C:\Program Files\Eclipse Adoptium\jdk-25.0.3.9-hotspot\bin\VCRUNTIME140.dll
0x00007ffa41c30000 - 0x00007ffa41df7000 	C:\WINDOWS\System32\USER32.dll
0x00007ffa40310000 - 0x00007ffa40337000 	C:\WINDOWS\System32\win32u.dll
0x00007ffa2f590000 - 0x00007ffa2f822000 	C:\WINDOWS\WinSxS\amd64_microsoft.windows.common-controls_6595b64144ccf1df_6.0.26100.8521_none_3e08b75ce33403b3\COMCTL32.dll
0x00007ffa41b80000 - 0x00007ffa41bab000 	C:\WINDOWS\System32\GDI32.dll
0x00007ffa41e00000 - 0x00007ffa41ea9000 	C:\WINDOWS\System32\msvcrt.dll
0x00007ffa405d0000 - 0x00007ffa406fb000 	C:\WINDOWS\System32\gdi32full.dll
0x00007ffa40c80000 - 0x00007ffa40d23000 	C:\WINDOWS\System32\msvcp_win.dll
0x00007ffa41010000 - 0x00007ffa41042000 	C:\WINDOWS\System32\IMM32.DLL
0x00007ffa1d430000 - 0x00007ffa1d43c000 	C:\Program Files\Eclipse Adoptium\jdk-25.0.3.9-hotspot\bin\vcruntime140_1.dll
0x00007ff9c4cc0000 - 0x00007ff9c4d4d000 	C:\Program Files\Eclipse Adoptium\jdk-25.0.3.9-hotspot\bin\msvcp140.dll
0x00007ff9bd080000 - 0x00007ff9bdfaa000 	C:\Program Files\Eclipse Adoptium\jdk-25.0.3.9-hotspot\bin\server\jvm.dll
0x00007ffa40d30000 - 0x00007ffa40de6000 	C:\WINDOWS\System32\ADVAPI32.dll
0x00007ffa42b10000 - 0x00007ffa42bba000 	C:\WINDOWS\System32\sechost.dll
0x00007ffa42640000 - 0x00007ffa42758000 	C:\WINDOWS\System32\RPCRT4.dll
0x00007ffa41a80000 - 0x00007ffa41b00000 	C:\WINDOWS\System32\WS2_32.dll
0x00007ffa400b0000 - 0x00007ffa4010e000 	C:\WINDOWS\SYSTEM32\POWRPROF.dll
0x00007ffa32670000 - 0x00007ffa3267b000 	C:\WINDOWS\SYSTEM32\VERSION.dll
0x00007ffa342a0000 - 0x00007ffa342d6000 	C:\WINDOWS\SYSTEM32\WINMM.dll
0x00007ffa40090000 - 0x00007ffa400a4000 	C:\WINDOWS\SYSTEM32\UMPDC.dll
0x00007ffa3efa0000 - 0x00007ffa3efbb000 	C:\WINDOWS\SYSTEM32\kernel.appcore.dll
0x00007ffa1d1b0000 - 0x00007ffa1d1ba000 	C:\Program Files\Eclipse Adoptium\jdk-25.0.3.9-hotspot\bin\jimage.dll
0x00007ffa3d4d0000 - 0x00007ffa3d712000 	C:\WINDOWS\SYSTEM32\DBGHELP.DLL
0x00007ffa42bc0000 - 0x00007ffa42f43000 	C:\WINDOWS\System32\combase.dll
0x00007ffa41910000 - 0x00007ffa419e9000 	C:\WINDOWS\System32\OLEAUT32.dll
0x00007ffa2c350000 - 0x00007ffa2c38b000 	C:\WINDOWS\SYSTEM32\dbgcore.DLL
0x00007ffa40520000 - 0x00007ffa405c8000 	C:\WINDOWS\System32\bcryptPrimitives.dll
0x00007ffa17290000 - 0x00007ffa1729f000 	C:\Program Files\Eclipse Adoptium\jdk-25.0.3.9-hotspot\bin\instrument.dll
0x00007ff9dd0e0000 - 0x00007ff9dd0fe000 	C:\Program Files\Eclipse Adoptium\jdk-25.0.3.9-hotspot\bin\java.dll
0x00007ffa410f0000 - 0x00007ffa41288000 	C:\WINDOWS\System32\ole32.dll
0x00007ffa41eb0000 - 0x00007ffa42634000 	C:\WINDOWS\System32\SHELL32.dll
0x00007ffa3ddd0000 - 0x00007ffa3e650000 	C:\WINDOWS\SYSTEM32\windows.storage.dll
0x00007ffa428a0000 - 0x00007ffa42996000 	C:\WINDOWS\System32\SHCORE.dll
0x00007ffa41b10000 - 0x00007ffa41b77000 	C:\WINDOWS\System32\shlwapi.dll
0x00007ffa40170000 - 0x00007ffa40199000 	C:\WINDOWS\SYSTEM32\profapi.dll
0x00007ff9dcde0000 - 0x00007ff9dcdf6000 	C:\Program Files\Eclipse Adoptium\jdk-25.0.3.9-hotspot\bin\zip.dll
0x00007ff9dcdb0000 - 0x00007ff9dcdc1000 	C:\Program Files\Eclipse Adoptium\jdk-25.0.3.9-hotspot\bin\net.dll
0x00007ffa3f4f0000 - 0x00007ffa3f55c000 	C:\WINDOWS\system32\mswsock.dll
0x00007ff9dd0c0000 - 0x00007ff9dd0d6000 	C:\Program Files\Eclipse Adoptium\jdk-25.0.3.9-hotspot\bin\nio.dll
0x00007ffa191e0000 - 0x00007ffa191f0000 	C:\Program Files\Eclipse Adoptium\jdk-25.0.3.9-hotspot\bin\verify.dll
0x00007ffa30180000 - 0x00007ffa301a7000 	C:\Users\kdcho\.gradle\native\1def1411415f61bf3af743bc5b6707747c0891f09f0c88961ee8f79bc544acac\windows-amd64\native-platform.dll
0x00007ffa1de20000 - 0x00007ffa1de97000 	C:\Users\kdcho\.gradle\native\0.2.8\x86_64-windows-gnu\gradle-fileevents.dll
0x00007ffa18470000 - 0x00007ffa1847a000 	C:\Program Files\Eclipse Adoptium\jdk-25.0.3.9-hotspot\bin\management.dll
0x00007ffa17570000 - 0x00007ffa1757c000 	C:\Program Files\Eclipse Adoptium\jdk-25.0.3.9-hotspot\bin\management_ext.dll
0x00007ffa41720000 - 0x00007ffa41728000 	C:\WINDOWS\System32\PSAPI.DLL
0x00007ffa3ea30000 - 0x00007ffa3ea63000 	C:\WINDOWS\SYSTEM32\IPHLPAPI.DLL
0x00007ffa41050000 - 0x00007ffa4105a000 	C:\WINDOWS\System32\NSI.dll
0x00007ffa1b630000 - 0x00007ffa1b639000 	C:\Program Files\Eclipse Adoptium\jdk-25.0.3.9-hotspot\bin\extnet.dll
0x00007ffa3f8f0000 - 0x00007ffa3f90b000 	C:\WINDOWS\SYSTEM32\CRYPTSP.dll
0x00007ffa3ef00000 - 0x00007ffa3ef39000 	C:\WINDOWS\system32\rsaenh.dll
0x00007ffa3f5a0000 - 0x00007ffa3f5d3000 	C:\WINDOWS\SYSTEM32\USERENV.dll
0x00007ffa40140000 - 0x00007ffa4016a000 	C:\WINDOWS\SYSTEM32\bcrypt.dll
0x00007ffa3f750000 - 0x00007ffa3f75c000 	C:\WINDOWS\SYSTEM32\CRYPTBASE.dll
0x00007ffa1c4a0000 - 0x00007ffa1c4ae000 	C:\Program Files\Eclipse Adoptium\jdk-25.0.3.9-hotspot\bin\sunmscapi.dll
0x00007ffa40b00000 - 0x00007ffa40c78000 	C:\WINDOWS\System32\CRYPT32.dll
0x00007ffa3fa50000 - 0x00007ffa3fa80000 	C:\WINDOWS\SYSTEM32\ncrypt.dll
0x00007ffa3fa00000 - 0x00007ffa3fa3f000 	C:\WINDOWS\SYSTEM32\NTASN1.dll
0x00007ffa2c120000 - 0x00007ffa2c128000 	C:\WINDOWS\system32\wshunix.dll

JVMTI agents:
C:\Users\kdcho\.gradle\wrapper\dists\gradle-9.1.0-bin\9agqghryom9wkf8r80qlhnts3\gradle-9.1.0\lib\agents\gradle-instrumentation-agent-9.1.0.jar path:C:\Program Files\Eclipse Adoptium\jdk-25.0.3.9-hotspot\bin\instrument.dll, loaded, initialized, instrumentlib options:none

dbghelp: loaded successfully - version: 4.0.5 - missing functions: none
symbol engine: initialized successfully - sym options: 0x614 - pdb path: .;C:\Program Files\Eclipse Adoptium\jdk-25.0.3.9-hotspot\bin;C:\WINDOWS\SYSTEM32;C:\WINDOWS\WinSxS\amd64_microsoft.windows.common-controls_6595b64144ccf1df_6.0.26100.8521_none_3e08b75ce33403b3;C:\Program Files\Eclipse Adoptium\jdk-25.0.3.9-hotspot\bin\server;C:\Users\kdcho\.gradle\native\1def1411415f61bf3af743bc5b6707747c0891f09f0c88961ee8f79bc544acac\windows-amd64;C:\Users\kdcho\.gradle\native\0.2.8\x86_64-windows-gnu

VM Arguments:
jvm_args: --add-opens=java.base/java.lang=ALL-UNNAMED --add-opens=java.base/java.lang.invoke=ALL-UNNAMED --add-opens=java.base/java.util=ALL-UNNAMED --add-opens=java.prefs/java.util.prefs=ALL-UNNAMED --add-exports=jdk.compiler/com.sun.tools.javac.api=ALL-UNNAMED --add-exports=jdk.compiler/com.sun.tools.javac.util=ALL-UNNAMED --add-opens=java.base/java.util=ALL-UNNAMED --add-opens=java.prefs/java.util.prefs=ALL-UNNAMED --add-opens=java.base/java.nio.charset=ALL-UNNAMED --add-opens=java.base/java.net=ALL-UNNAMED --add-opens=java.base/java.util.concurrent=ALL-UNNAMED --add-opens=java.base/java.util.concurrent.atomic=ALL-UNNAMED --add-opens=java.xml/javax.xml.namespace=ALL-UNNAMED --add-opens=java.base/java.time=ALL-UNNAMED --enable-native-access=ALL-UNNAMED -XX:MaxMetaspaceSize=384m -XX:+HeapDumpOnOutOfMemoryError -Xms256m -Xmx512m -Dfile.encoding=UTF-8 -Duser.country=KR -Duser.language=ko -Duser.variant -javaagent:C:\Users\kdcho\.gradle\wrapper\dists\gradle-9.1.0-bin\9agqghryom9wkf8r80qlhnts3\gradle-9.1.0\lib\agents\gradle-instrumentation-agent-9.1.0.jar 
java_command: org.gradle.launcher.daemon.bootstrap.GradleDaemon 9.1.0
java_class_path (initial): C:\Users\kdcho\.gradle\wrapper\dists\gradle-9.1.0-bin\9agqghryom9wkf8r80qlhnts3\gradle-9.1.0\lib\gradle-daemon-main-9.1.0.jar
Launcher Type: SUN_STANDARD

[Global flags]
     intx CICompilerCount                          = 12                                        {product} {ergonomic}
   size_t CompressedClassSpaceSize                 = 335544320                                 {product} {ergonomic}
     uint ConcGCThreads                            = 3                                         {product} {ergonomic}
     uint G1ConcRefinementThreads                  = 13                                        {product} {ergonomic}
   size_t G1HeapRegionSize                         = 1048576                                   {product} {ergonomic}
     bool HeapDumpOnOutOfMemoryError               = true                                   {manageable} {command line}
   size_t InitialHeapSize                          = 268435456                                 {product} {command line}
   size_t MarkStackSize                            = 4194304                                   {product} {ergonomic}
   size_t MarkStackSizeMax                         = 536870912                                 {product} {ergonomic}
   size_t MaxHeapSize                              = 536870912                                 {product} {command line}
   size_t MaxMetaspaceSize                         = 402653184                                 {product} {command line}
   size_t MaxNewSize                               = 321912832                                 {product} {ergonomic}
   size_t MinHeapDeltaBytes                        = 1048576                                   {product} {ergonomic}
   size_t MinHeapSize                              = 268435456                                 {product} {command line}
    uintx NonNMethodCodeHeapSize                   = 7667712                                {pd product} {ergonomic}
    uintx NonProfiledCodeHeapSize                  = 122028032                              {pd product} {ergonomic}
    uintx ProfiledCodeHeapSize                     = 122028032                              {pd product} {ergonomic}
    uintx ReservedCodeCacheSize                    = 251723776                              {pd product} {ergonomic}
     bool SegmentedCodeCache                       = true                                      {product} {ergonomic}
   size_t SoftMaxHeapSize                          = 536870912                              {manageable} {ergonomic}
     bool UseCompressedOops                        = true                           {product lp64_product} {ergonomic}
     bool UseG1GC                                  = true                                      {product} {ergonomic}
     bool UseLargePagesIndividualAllocation        = false                                  {pd product} {ergonomic}

Logging:
Log output configuration:
 #0: stdout all=warning uptime,level,tags foldmultilines=false
 #1: stderr all=off uptime,level,tags foldmultilines=false

Release file:
IMPLEMENTOR="Eclipse Adoptium" 
IMPLEMENTOR_VERSION="Temurin-25.0.3+9" 
JAVA_RUNTIME_VERSION="25.0.3+9-LTS" 
JAVA_VERSION="25.0.3" 
JAVA_VERSION_DATE="2026-04-21" 
LIBC="default" 
MODULES="java.base java.compiler java.datatransfer java.xml java.prefs java.desktop java.instrument java.logging java.management java.security.sasl java.naming java.rmi java.management.rmi java.net.http java.scripting java.security.jgss java.transaction.xa java.sql java.sql.rowset java.xml.crypto java.se java.smartcardio jdk.accessibility jdk.internal.jvmstat jdk.attach jdk.charsets jdk.internal.opt jdk.zipfs jdk.compiler jdk.crypto.cryptoki jdk.crypto.ec jdk.crypto.mscapi jdk.dynalink jdk.internal.ed jdk.editpad jdk.internal.vm.ci jdk.graal.compiler jdk.graal.compiler.management jdk.hotspot.agent jdk.httpserver jdk.incubator.vector jdk.internal.le jdk.internal.md jdk.jartool jdk.javadoc jdk.jcmd jdk.management jdk.management.agent jdk.jconsole jdk.jdeps jdk.jdwp.agent jdk.jdi jdk.jfr jdk.jlink jdk.jpackage jdk.jshell jdk.jsobject jdk.jstatd jdk.localedata jdk.management.jfr jdk.naming.dns jdk.naming.rmi jdk.net jdk.nio.mapmode jdk.sctp jdk.security.auth jdk.security.jgss jdk.unsupported jdk.unsupported.desktop jdk.xml.dom" 
OS_ARCH="x86_64" 
OS_NAME="Windows" 
SOURCE=".:git:cda0a1776184" 
BUILD_SOURCE="git:a612825ee82a20ac872d60958c349854c1f29a8e"
BUILD_SOURCE_REPO="https://github.com/adoptium/temurin-build.git"
SOURCE_REPO="https://github.com/adoptium/jdk25u.git"
FULL_VERSION="25.0.3+9-LTS"
SEMANTIC_VERSION="25.0.3+9"
BUILD_INFO="OS: Windows Server 2022 Version: 10.0"
JVM_VARIANT="Hotspot"
JVM_VERSION="25.0.3+9-LTS"
IMAGE_TYPE="JDK"

Environment Variables:
JAVA_HOME=C:\Program Files\Eclipse Adoptium\jdk-25.0.3.9-hotspot
PATH=C:\Program Files\Git\mingw64\bin;C:\Program Files\Git\usr\bin;C:\Users\kdcho\bin;C:\Program Files\Git\usr\bin;C:\Program Files\Git\usr\bin;C:\Program Files\Eclipse Adoptium\jdk-25.0.3.9-hotspot\bin;C:\Program Files\Eclipse Adoptium\jdk-21.0.11.10-hotspot\bin;C:\WINDOWS\system32;C:\WINDOWS;C:\WINDOWS\System32\Wbem;C:\WINDOWS\System32\WindowsPowerShell\v1.0;C:\WINDOWS\System32\OpenSSH;C:\Program Files\Git\cmd;C:\Program Files\nodejs;C:\Program Files\Docker\Docker\resources\bin;C:\Program Files\GitHub CLI;C:\Program Files\Amazon\AWSCLIV2;C:\Program Files\Go\bin;C:\Users\kdcho\AppData\Local\Programs\Python\Launcher;C:\Users\kdcho\.cargo\bin;C:\Users\kdcho\AppData\Local\Microsoft\WindowsApps;C:\Users\kdcho\AppData\Local\Python\bin;C:\Users\kdcho\AppData\Local\Programs\Ollama;C:\Users\kdcho\AppData\Roaming\npm;C:\Users\kdcho\.local\bin;C:\Users\kdcho\AppData\Local\Python\pythoncore-3.14-64\Scripts;C:\Users\kdcho\AppData\Local\Programs\Antigravity IDE\bin;C:\Users\kdcho\kotlinc\bin;C:\Users\kdcho\AppData\Local\Microsoft\WinGet\Packages\BrechtSanders.WinLibs.POSIX.UCRT_Microsoft.Winget.Source_8wekyb3d8bbwe\mingw64\bin;C:\Users\kdcho\AppData\Local\Programs\Microsoft VS Code\bin;C:\Users\kdcho\AppData\Local\Microsoft\WinGet\Packages\Gyan.FFmpeg_Microsoft.Winget.Source_8wekyb3d8bbwe\ffmpeg-8.1.2-full_build\bin;C:\Users\kdcho\go\bin;C:\Users\kdcho\AppData\Local\Programs\Python\Python312;C:\Program Files\nodejs;C:\Program Files\Git\mingw64\bin
USERNAME=kdcho
SHELL=C:\Program Files\Git\usr\bin\bash.exe
LANG=en_US.UTF-8
TERM=xterm-256color
TMPDIR=C:\Users\kdcho\AppData\Local\Temp\.ctx-mode-iw02Xm
OS=Windows_NT
PROCESSOR_IDENTIFIER=AMD64 Family 25 Model 117 Stepping 2, AuthenticAMD
TMP=C:\Users\kdcho\AppData\Local\Temp
TEMP=C:\Users\kdcho\AppData\Local\Temp




Compilation memory statistics disabled.

Periodic native trim disabled

---------------  S Y S T E M  ---------------

OS:
 Windows 11 , 64 bit Build 26100 (10.0.26100.8521)
OS uptime: 0 days 17:04 hours
Hyper-V role detected

CPU: total 16 (initial active 16) (16 cores per cpu, 2 threads per core) family 25 model 117 stepping 2 microcode 0xa70520a, cx8, cmov, fxsr, ht, mmx, 3dnowpref, sse, sse2, sse3, ssse3, sse4a, sse4.1, sse4.2, popcnt, lzcnt, tsc, tscinvbit, avx, avx2, aes, erms, clmul, bmi1, bmi2, adx, avx512f, avx512dq, avx512cd, avx512bw, avx512vl, sha, fma, vzeroupper, avx512_vpopcntdq, avx512_vpclmulqdq, avx512_vaes, avx512_vnni, clflush, clflushopt, clwb, avx512_vbmi2, avx512_vbmi, hv, rdtscp, rdpid, fsrm, gfni, avx512_bitalg, f16c, cet_ss, avx512_ifma
Processor Information for processor 0
  Max Mhz: 3301, Current Mhz: 2646, Mhz Limit: 3301
Processor Information for processor 1
  Max Mhz: 3301, Current Mhz: 2646, Mhz Limit: 3301
Processor Information for processor 2
  Max Mhz: 3301, Current Mhz: 3301, Mhz Limit: 3301
Processor Information for processor 3
  Max Mhz: 3301, Current Mhz: 2646, Mhz Limit: 3301
Processor Information for processor 4
  Max Mhz: 3301, Current Mhz: 2646, Mhz Limit: 3301
Processor Information for processor 5
  Max Mhz: 3301, Current Mhz: 3301, Mhz Limit: 3301
Processor Information for processor 6
  Max Mhz: 3301, Current Mhz: 3301, Mhz Limit: 3301
Processor Information for processor 7
  Max Mhz: 3301, Current Mhz: 2646, Mhz Limit: 3301
Processor Information for processor 8
  Max Mhz: 3301, Current Mhz: 3301, Mhz Limit: 3301
Processor Information for processor 9
  Max Mhz: 3301, Current Mhz: 2646, Mhz Limit: 3301
Processor Information for processor 10
  Max Mhz: 3301, Current Mhz: 2646, Mhz Limit: 3301
Processor Information for processor 11
  Max Mhz: 3301, Current Mhz: 2646, Mhz Limit: 3301
Processor Information for processor 12
  Max Mhz: 3301, Current Mhz: 3301, Mhz Limit: 3301
Processor Information for processor 13
  Max Mhz: 3301, Current Mhz: 2646, Mhz Limit: 3301
Processor Information for processor 14
  Max Mhz: 3301, Current Mhz: 2646, Mhz Limit: 3301
Processor Information for processor 15
  Max Mhz: 3301, Current Mhz: 2646, Mhz Limit: 3301

Memory: 4k page, system-wide physical 15547M (809M free)
TotalPageFile size 49297M (AvailPageFile size 4M)
current process WorkingSet (physical memory assigned to process): 492M, peak: 528M
current process commit charge ("private bytes"): 541M, peak: 578M

vm_info: OpenJDK 64-Bit Server VM (25.0.3+9-LTS) for windows-amd64 JRE (25.0.3+9-LTS), built on 2026-04-21T00:00:00Z with MS VC++ 17.12 (VS2022)

END.
